rank,name,team,position,bye,adp,hasMarketAdp,fairRank,marketDelta,marketLabel,lateRoundLabel,week1Projection,seasonProjection,projectedGames,riskScore,riskTags,joannaNote,jeffNote
1,Jahmyr Gibbs,DET,RB,6,1.4,true,1,0.4,Fair At Cost,,18.6,300.78,16,0,,Fairly priced. Use roster need and Week 1 confidence as the tiebreaker.,"Fair 1, ADP 1, delta 0. Season 17.7 ppg, Week 1 18.6, risk 0.0."
2,Bijan Robinson,ATL,RB,11,1.9,true,2,-0.1,Fair At Cost,,18.49,298.98,16,0,,Fairly priced. Use roster need and Week 1 confidence as the tiebreaker.,"Fair 2, ADP 2, delta 0. Season 17.6 ppg, Week 1 18.5, risk 0.0."
3,Ja'Marr Chase,CIN,WR,6,3.3,true,3,0.3,Fair At Cost,,16.47,267.7,16,0,,Fairly priced. Use roster need and Week 1 confidence as the tiebreaker.,"Fair 3, ADP 3, delta 0. Season 15.7 ppg, Week 1 16.5, risk 0.0."
4,Jaxon Smith-Njigba,SEA,WR,11,6.8,true,4,2.8,Fair At Cost,,15.63,256.98,16,0,,Fairly priced. Use roster need and Week 1 confidence as the tiebreaker.,"Fair 4, ADP 7, delta +3. Season 15.1 ppg, Week 1 15.6, risk 0.0."
5,Jonathan Taylor,IND,RB,13,7,true,5,2,Fair At Cost,,16.15,260.28,15,0.35,15 projected games,Fairly priced. Use roster need and Week 1 confidence as the tiebreaker.,"Fair 5, ADP 7, delta +2. Season 15.3 ppg, Week 1 16.1, risk 0.3 (15 projected games)."
6,Amon-Ra St. Brown,DET,WR,6,7.9,true,6,1.9,Fair At Cost,,15.97,253.16,16,0,,Fairly priced. Use roster need and Week 1 confidence as the tiebreaker.,"Fair 6, ADP 8, delta +2. Season 14.9 ppg, Week 1 16.0, risk 0.0."
7,Christian McCaffrey,SF,RB,8,5.6,true,7,-1.4,Risk Discount Needed,,16.51,267.7,15,2.2,Q; tightness/returning to team drills; 15 projected games,"Still elite, but not a totally clean first-round safety pick. Treat the return-to-practice news as positive, then require a small guillotine discount.","Returned to team work after unspecified tightness and would likely play in a real game, but prior soft-tissue history still matters in Week 1 survival."
8,De'Von Achane,MIA,RB,6,15.6,true,8,7.6,Fair At Cost,,15.07,244.9,15,0.35,15 projected games,Fairly priced. Use roster need and Week 1 confidence as the tiebreaker.,"Fair 8, ADP 16, delta +8. Season 14.4 ppg, Week 1 15.1, risk 0.3 (15 projected games)."
9,Puka Nacua,LAR,WR,11,4.8,true,9,-4.2,Risk Discount Needed,,16.31,263.76,15,3.35,Q; Groin/psoas; possible short suspension risk; 15 projected games,"Elite WR, but not a normal first-round safety pick until the practice and discipline questions clear. Prefer safer first-round anchors unless he slides.","Market still prices him around pick 5, but guillotine needs an uncertainty discount for groin/psoas plus possible short suspension risk. Do not pay #2 overall."
10,James Cook III,BUF,RB,7,9.8,true,10,-0.2,Fair At Cost,,13.29,233.61,16,0,,Fairly priced. Use roster need and Week 1 confidence as the tiebreaker.,"Fair 10, ADP 10, delta 0. Season 13.7 ppg, Week 1 13.3, risk 0.0."
11,CeeDee Lamb,DAL,WR,14,10.4,true,11,-0.6,Fair At Cost,,13.68,230.42,16,0,,Fairly priced. Use roster need and Week 1 confidence as the tiebreaker.,"Fair 11, ADP 10, delta -1. Season 13.6 ppg, Week 1 13.7, risk 0.0."
12,Chase Brown,CIN,RB,6,16.4,true,12,4.4,Fair At Cost,,14.03,226.67,16,0,,Fairly priced. Use roster need and Week 1 confidence as the tiebreaker.,"Fair 12, ADP 16, delta +4. Season 13.3 ppg, Week 1 14.0, risk 0.0."
13,Justin Jefferson,MIN,WR,6,12.7,true,13,-0.3,Fair At Cost,,13.84,223.91,16,0,,Fairly priced. Use roster need and Week 1 confidence as the tiebreaker.,"Fair 13, ADP 13, delta 0. Season 13.2 ppg, Week 1 13.8, risk 0.0."
14,Derrick Henry,BAL,RB,13,18,true,14,4,Fair At Cost,,13.61,230.34,15,0.35,15 projected games,Fairly priced. Use roster need and Week 1 confidence as the tiebreaker.,"Fair 14, ADP 18, delta +4. Season 13.5 ppg, Week 1 13.6, risk 0.3 (15 projected games)."
15,Drake London,ATL,WR,11,19,true,15,4,Fair At Cost,,13.43,223.2,16,0,,Fairly priced. Use roster need and Week 1 confidence as the tiebreaker.,"Fair 15, ADP 19, delta +4. Season 13.1 ppg, Week 1 13.4, risk 0.0."
16,Saquon Barkley,PHI,RB,10,12.2,true,16,-3.8,Fair At Cost,,13.93,223.03,15,0.35,15 projected games,Fairly priced. Use roster need and Week 1 confidence as the tiebreaker.,"Fair 16, ADP 12, delta -4. Season 13.1 ppg, Week 1 13.9, risk 0.3 (15 projected games)."
17,George Pickens,DAL,WR,14,22.4,true,17,5.4,Fair At Cost,,12.69,216.79,16,0,,Fairly priced. Use roster need and Week 1 confidence as the tiebreaker.,"Fair 17, ADP 22, delta +5. Season 12.8 ppg, Week 1 12.7, risk 0.0."
18,Zay Flowers,BAL,WR,13,36.5,true,18,18.5,Buy Ahead,,13.25,208.02,16,0,,Worth taking a bit before ADP if he fits your roster; our board is 19 picks higher than the market and the Week 1 role looks usable.,"Fair 18, ADP 37, delta +19. Season 12.2 ppg, Week 1 13.3, risk 0.0."
19,Kenneth Walker III,KC,RB,5,16.5,true,19,-2.5,Fair At Cost,,12.55,218.84,15,0.35,15 projected games,Fairly priced. Use roster need and Week 1 confidence as the tiebreaker.,"Fair 19, ADP 17, delta -2. Season 12.9 ppg, Week 1 12.6, risk 0.3 (15 projected games)."
20,Nico Collins,HOU,WR,8,22.3,true,20,2.3,Fair At Cost,,12.65,216.82,15,0.35,15 projected games,Fairly priced. Use roster need and Week 1 confidence as the tiebreaker.,"Fair 20, ADP 22, delta +2. Season 12.8 ppg, Week 1 12.7, risk 0.3 (15 projected games)."
21,Omarion Hampton,LAC,RB,7,18.7,true,21,-2.3,Fair At Cost,,13.75,207.13,15,0.35,15 projected games,Fairly priced. Use roster need and Week 1 confidence as the tiebreaker.,"Fair 21, ADP 19, delta -2. Season 12.2 ppg, Week 1 13.8, risk 0.3 (15 projected games)."
22,Javonte Williams,DAL,RB,14,34.6,true,22,12.6,Buy Ahead,,13.03,197.8,16,0,,Worth taking a bit before ADP if he fits your roster; our board is 13 picks higher than the market and the Week 1 role looks usable.,"Fair 22, ADP 35, delta +13. Season 11.6 ppg, Week 1 13.0, risk 0.0."
23,Kyren Williams,LAR,RB,11,29.2,true,23,6.2,Fair At Cost,,12.49,197.77,16,0,,Fairly priced. Use roster need and Week 1 confidence as the tiebreaker.,"Fair 23, ADP 29, delta +6. Season 11.6 ppg, Week 1 12.5, risk 0.0."
24,DeVonta Smith,PHI,WR,10,29.5,true,24,5.5,Fair At Cost,,12.09,190.99,16,0,,Fairly priced. Use roster need and Week 1 confidence as the tiebreaker.,"Fair 24, ADP 30, delta +6. Season 11.2 ppg, Week 1 12.1, risk 0.0."
25,Chris Olave,NO,WR,8,33,true,25,8,Fair At Cost,,12.1,197.27,15,0.45,15 projected games; Saints injuries may concentrate targets but offense is fragile,"More target opportunity is good, but do not ignore the offense around him.",Tyson/Kamara injuries can push volume toward Olave while also lowering touchdown environment.
26,Rashee Rice,KC,WR,5,34.3,true,26,8.3,Fair At Cost,,11.26,199.92,15,0.35,15 projected games,Fairly priced. Use roster need and Week 1 confidence as the tiebreaker.,"Fair 26, ADP 34, delta +8. Season 11.8 ppg, Week 1 11.3, risk 0.3 (15 projected games)."
27,Tetairoa McMillan,CAR,WR,5,41.8,true,27,14.8,Buy Ahead,,11.64,184.61,16,0,,Worth taking a bit before ADP if he fits your roster; our board is 15 picks higher than the market and the Week 1 role looks usable.,"Fair 27, ADP 42, delta +15. Season 10.9 ppg, Week 1 11.6, risk 0.0."
28,Trey McBride,ARI,TE,14,25.8,true,28,-2.2,Fair At Cost,,10.72,188.14,16,0,,Fairly priced. Use roster need and Week 1 confidence as the tiebreaker.,"Fair 28, ADP 26, delta -2. Season 11.1 ppg, Week 1 10.7, risk 0.0."
29,A.J. Brown,NE,WR,11,24.8,true,29,-4.2,Fair At Cost,,11.23,192.5,15,0.35,15 projected games,Fairly priced. Use roster need and Week 1 confidence as the tiebreaker.,"Fair 29, ADP 25, delta -4. Season 11.3 ppg, Week 1 11.2, risk 0.3 (15 projected games)."
30,Brock Bowers,LV,TE,13,21.1,true,30,-8.9,Fair At Cost,,11.59,181.73,16,0,,Fairly priced. Use roster need and Week 1 confidence as the tiebreaker.,"Fair 30, ADP 21, delta -9. Season 10.7 ppg, Week 1 11.6, risk 0.0."
31,Travis Etienne Jr.,NO,RB,8,43.2,true,31,12.2,Buy Ahead,,11.28,190.4,15,0.35,15 projected games; Kamara injury may support early workload,This is the kind of practical role boost that matters. Stronger target if the price stays in the fourth-round area.,"Kamara's MCL absence improves early-season workload path; keep the usual RB volatility, but this is positive news arbitrage."
32,Jaylen Waddle,DEN,WR,10,42.1,true,32,10.1,Fair At Cost,,11.12,182.87,16,0,,Fairly priced. Use roster need and Week 1 confidence as the tiebreaker.,"Fair 32, ADP 42, delta +10. Season 10.8 ppg, Week 1 11.1, risk 0.0."
33,Cam Skattebo,NYG,RB,8,41.6,true,33,8.6,Fair At Cost,,12.2,183.53,15,0.35,15 projected games,Fairly priced. Use roster need and Week 1 confidence as the tiebreaker.,"Fair 33, ADP 42, delta +9. Season 10.8 ppg, Week 1 12.2, risk 0.3 (15 projected games)."
34,David Montgomery,HOU,RB,8,52.4,true,34,18.4,Buy Ahead,,11.14,181.24,16,0,,Worth taking a bit before ADP if he fits your roster; our board is 18 picks higher than the market and the Week 1 role looks usable.,"Fair 34, ADP 52, delta +18. Season 10.7 ppg, Week 1 11.1, risk 0.0."
35,Tee Higgins,CIN,WR,6,33.5,true,35,-1.5,Fair At Cost,,11.74,182.93,15,0.35,15 projected games,Fairly priced. Use roster need and Week 1 confidence as the tiebreaker.,"Fair 35, ADP 34, delta -1. Season 10.8 ppg, Week 1 11.7, risk 0.3 (15 projected games)."
36,Breece Hall,NYJ,RB,13,35.4,true,36,-0.6,Risk Discount Needed,,12.63,204,15,2.1,Q; Groin; expected Week 1 but recent soft-tissue injury; 15 projected games,"Good player, but make sure the groin news stays positive before treating him as a normal starter.","Current reports are optimistic for Week 1, so this is a modest discount rather than a full fade."
37,D'Andre Swift,CHI,RB,10,47.5,true,37,10.5,Fair At Cost,,10.9,182.05,15,0.35,15 projected games,Fairly priced. Use roster need and Week 1 confidence as the tiebreaker.,"Fair 37, ADP 48, delta +11. Season 10.7 ppg, Week 1 10.9, risk 0.3 (15 projected games)."
38,Ashton Jeanty,LV,RB,13,14.3,true,38,-23.7,Risk Discount Needed,,12.95,210.39,14,3,Q; low ankle sprain; Week 1 uncertain; 14 projected games,"Exciting talent, but the ankle makes him a dangerous early anchor. Only draft if he slips well past the healthy-player price.","Reports frame the ankle as more low than high and not long-term, but Week 1 uncertainty plus pick-14 cost is poor guillotine arbitrage."
39,Jeremiyah Love,ARI,RB,14,28,true,39,-11,Risk Discount Needed,,11.52,206.25,15,3.1,Q; high ankle sprain; out of practice this week; Week 1 uncertain; 15 projected games,High-ankle sprains can linger. Do not use him as an early Week 1 floor piece.,"The ADP dip is explained by injury, not hidden value. Needs a real discount and a roster that already has stable starters."
40,Bucky Irving,TB,RB,10,55.1,true,40,15.1,Discount With Reason,,10.94,175.47,15,0.35,15 projected games,"Interesting discount, but it is not free value. The reason to slow down: 15 projected games. Draft only if your roster already has stable starters.","Fair 40, ADP 55, delta +15. Season 10.3 ppg, Week 1 10.9, risk 0.3 (15 projected games)."
41,Terry McLaurin,WAS,WR,7,54.1,true,41,13.1,Buy Ahead,,9.65,173.47,16,0,,Worth taking a bit before ADP if he fits your roster; our board is 13 picks higher than the market and the Week 1 role looks usable.,"Fair 41, ADP 54, delta +13. Season 10.2 ppg, Week 1 9.7, risk 0.0."
42,Ladd McConkey,LAC,WR,7,45.6,true,42,3.6,Fair At Cost,,10.44,167.71,16,0,,Fairly priced. Use roster need and Week 1 confidence as the tiebreaker.,"Fair 42, ADP 46, delta +4. Season 9.9 ppg, Week 1 10.4, risk 0.0."
43,Jaylen Warren,PIT,RB,9,76.8,true,43,33.8,Buy Ahead,,11.04,162.69,16,0,,Worth taking a bit before ADP if he fits your roster; our board is 34 picks higher than the market and the Week 1 role looks usable.,"Fair 43, ADP 77, delta +34. Season 9.6 ppg, Week 1 11.0, risk 0.0."
44,Josh Jacobs,GB,RB,11,33.2,true,44,-10.8,Risk Discount Needed,,11.77,207.21,14,4,Q; Groin; possible discipline/suspension review; 14 projected games,Name value is stronger than the safety profile right now. Do not click him as a normal RB anchor.,"Groin return-to-practice news helps, but unresolved discipline risk and RB age/workload make him a risky RB2 for guillotine."
45,Christian Watson,GB,WR,11,67.7,true,45,22.7,Discount With Reason,,10.38,171.35,15,0.35,15 projected games,"Interesting discount, but it is not free value. The reason to slow down: 15 projected games. Draft only if your roster already has stable starters.","Fair 45, ADP 68, delta +23. Season 10.1 ppg, Week 1 10.4, risk 0.3 (15 projected games)."
46,Josh Allen,BUF,QB,7,19.8,true,46,-26.2,Let Fall,,18.9,341.92,16,0,,"Good player, but the room is paying for most of the upside. Take him only if he slips near your pick.","Fair 46, ADP 20, delta -26. Season 20.1 ppg, Week 1 18.9, risk 0.0."
47,Garrett Wilson,NYJ,WR,13,49.4,true,47,2.4,Fair At Cost,,10.05,163.22,16,0,,Fairly priced. Use roster need and Week 1 confidence as the tiebreaker.,"Fair 47, ADP 49, delta +2. Season 9.6 ppg, Week 1 10.1, risk 0.0."
48,Jameson Williams,DET,WR,6,65.9,true,48,17.9,Buy Ahead,,10.09,162.41,16,0,,Worth taking a bit before ADP if he fits your roster; our board is 18 picks higher than the market and the Week 1 role looks usable.,"Fair 48, ADP 66, delta +18. Season 9.6 ppg, Week 1 10.1, risk 0.0."
49,Jadarian Price,SEA,RB,11,65.9,true,49,16.9,Buy Ahead,,9.26,167.43,16,0,,Worth taking a bit before ADP if he fits your roster; our board is 17 picks higher than the market and the Week 1 role looks usable.,"Fair 49, ADP 66, delta +17. Season 9.8 ppg, Week 1 9.3, risk 0.0."
50,Colston Loveland,CHI,TE,10,39.6,true,50,-10.4,Let Fall,,10.02,161.04,16,0,,"Good player, but the room is paying for most of the upside. Take him only if he slips near your pick.","Fair 50, ADP 40, delta -10. Season 9.5 ppg, Week 1 10.0, risk 0.0."
51,Rico Dowdle,PIT,RB,9,87.1,true,51,36.1,Buy Ahead,,10.7,156.71,16,0,,Worth taking a bit before ADP if he fits your roster; our board is 36 picks higher than the market and the Week 1 role looks usable.,"Fair 51, ADP 87, delta +36. Season 9.2 ppg, Week 1 10.7, risk 0.0."
52,Bhayshul Tuten,JAX,RB,7,62.4,true,52,10.4,Fair At Cost,,9.76,162.21,16,0,,Fairly priced. Use roster need and Week 1 confidence as the tiebreaker.,"Fair 52, ADP 62, delta +10. Season 9.5 ppg, Week 1 9.8, risk 0.0."
53,Rome Odunze,CHI,WR,10,67.8,true,53,14.8,Buy Ahead,,9.24,163.59,16,0,,Worth taking a bit before ADP if he fits your roster; our board is 15 picks higher than the market and the Week 1 role looks usable.,"Fair 53, ADP 68, delta +15. Season 9.6 ppg, Week 1 9.2, risk 0.0."
54,Davante Adams,LAR,WR,11,53.6,true,54,-0.4,Fair At Cost,,10.17,164.32,15,0.35,15 projected games,Fairly priced. Use roster need and Week 1 confidence as the tiebreaker.,"Fair 54, ADP 54, delta 0. Season 9.7 ppg, Week 1 10.2, risk 0.3 (15 projected games)."
55,Rhamondre Stevenson,NE,RB,11,80.3,true,55,25.3,Buy Ahead,,9.04,157.84,16,0,,Worth taking a bit before ADP if he fits your roster; our board is 25 picks higher than the market and the Week 1 role looks usable.,"Fair 55, ADP 80, delta +25. Season 9.3 ppg, Week 1 9.0, risk 0.0."
56,DJ Moore,BUF,WR,7,62.3,true,56,6.3,Fair At Cost,,9.23,156.03,16,0,,Fairly priced. Use roster need and Week 1 confidence as the tiebreaker.,"Fair 56, ADP 62, delta +6. Season 9.2 ppg, Week 1 9.2, risk 0.0."
57,Josh Downs,IND,WR,13,109.3,true,57,52.3,Buy Ahead,,9.77,146.79,16,0,,Worth taking a bit before ADP if he fits your roster; our board is 52 picks higher than the market and the Week 1 role looks usable.,"Fair 57, ADP 109, delta +52. Season 8.6 ppg, Week 1 9.8, risk 0.0."
58,Quinshon Judkins,CLE,RB,11,53.2,true,58,-4.8,Fair At Cost,,10.26,181.63,15,1.65,Q; Undisclosed; 15 projected games,Fairly priced. Use roster need and Week 1 confidence as the tiebreaker.,"Fair 58, ADP 53, delta -5. Season 10.7 ppg, Week 1 10.3, risk 1.6 (Q; Undisclosed; 15 projected games)."
59,Malik Nabers,NYG,WR,8,32.5,true,59,-26.5,Risk Discount Needed,,11.52,185.77,14,3,Q; ACL/meniscus recovery; returned to team drills; contact/ramp pending; 14 projected games,"Trending better, but ACL recovery is not the same as a clean Week 1 workload. Better as a discount than as a reach.","Positive practice report softens the fade, but the early-season ramp and ADP still require a guillotine discount."
60,Tony Pollard,TEN,RB,9,85.5,true,60,25.5,Buy Ahead,,9.16,146.23,16,0,,Worth taking a bit before ADP if he fits your roster; our board is 26 picks higher than the market and the Week 1 role looks usable.,"Fair 60, ADP 86, delta +26. Season 8.6 ppg, Week 1 9.2, risk 0.0."
61,Jayden Reed,GB,WR,11,119.4,true,61,58.4,Buy Ahead,,8.92,144.96,16,0,,Worth taking a bit before ADP if he fits your roster; our board is 58 picks higher than the market and the Week 1 role looks usable.,"Fair 61, ADP 119, delta +58. Season 8.5 ppg, Week 1 8.9, risk 0.0."
62,Luther Burden III,CHI,WR,10,58.7,true,62,-3.3,Fair At Cost,,10.25,174.63,15,1.65,Q; Groin; 15 projected games,Fairly priced. Use roster need and Week 1 confidence as the tiebreaker.,"Fair 62, ADP 59, delta -3. Season 10.3 ppg, Week 1 10.3, risk 1.6 (Q; Groin; 15 projected games)."
63,Carnell Tate,TEN,WR,9,79.9,true,63,16.9,Buy Ahead,,9.12,142.96,16,0,,Worth taking a bit before ADP if he fits your roster; our board is 17 picks higher than the market and the Week 1 role looks usable.,"Fair 63, ADP 80, delta +17. Season 8.4 ppg, Week 1 9.1, risk 0.0."
64,Emeka Egbuka,TB,WR,10,43.7,true,64,-20.3,Trap,,9.61,168.04,16,1.3,Q; Toe,Do not chase the name or story here; price is ahead of our fair value and the risk/role picture is not clean enough.,"Fair 64, ADP 44, delta -20. Season 9.9 ppg, Week 1 9.6, risk 1.3 (Q; Toe)."
65,Kenny Gainwell,TB,RB,10,118,true,65,53,Buy Ahead,,8.87,141.45,16,0,,Worth taking a bit before ADP if he fits your roster; our board is 53 picks higher than the market and the Week 1 role looks usable.,"Fair 65, ADP 118, delta +53. Season 8.3 ppg, Week 1 8.9, risk 0.0."
66,Tyler Warren,IND,TE,13,47.2,true,66,-18.8,Risk Discount Needed,,10.31,161.91,16,2.2,Q; adductor/groin; Week 1 optimism but practice risk,"At TE, do not pay for uncertainty unless the discount is clear.","Could be ready quickly, but adductor/groin tags are exactly the type of soft-tissue risk to break ties against."
67,Jalen Hurts,PHI,QB,10,56.9,true,67,-10.1,Let Fall,,20.16,300.51,16,0,,"Good player, but the room is paying for most of the upside. Take him only if he slips near your pick.","Fair 67, ADP 57, delta -10. Season 17.7 ppg, Week 1 20.2, risk 0.0."
68,Kyle Pitts Sr.,ATL,TE,11,72.9,true,68,4.9,Fair At Cost,,8.58,140.98,16,0,,Fairly priced. Use roster need and Week 1 confidence as the tiebreaker.,"Fair 68, ADP 73, delta +5. Season 8.3 ppg, Week 1 8.6, risk 0.0."
69,Marvin Harrison Jr.,ARI,WR,14,78.7,true,69,9.7,Fair At Cost,,7.82,145.27,16,0,,Fairly priced. Use roster need and Week 1 confidence as the tiebreaker.,"Fair 69, ADP 79, delta +10. Season 8.5 ppg, Week 1 7.8, risk 0.0."
70,Parker Washington,JAX,WR,7,82.5,true,70,12.5,Buy Ahead,,9.08,165.86,16,1.3,Q; Undisclosed,Worth taking a bit before ADP if he fits your roster; our board is 13 picks higher than the market and the Week 1 role looks usable.,"Fair 70, ADP 83, delta +13. Season 9.8 ppg, Week 1 9.1, risk 1.3 (Q; Undisclosed)."
71,Harold Fannin Jr.,CLE,TE,11,71.4,true,71,0.4,Fair At Cost,,8.27,140.08,16,0,,Fairly priced. Use roster need and Week 1 confidence as the tiebreaker.,"Fair 71, ADP 71, delta 0. Season 8.2 ppg, Week 1 8.3, risk 0.0."
72,Brian Thomas Jr.,JAX,WR,7,83.9,true,72,11.9,Fair At Cost,,7.66,141.3,16,0,,Fairly priced. Use roster need and Week 1 confidence as the tiebreaker.,"Fair 72, ADP 84, delta +12. Season 8.3 ppg, Week 1 7.7, risk 0.0."
73,Courtland Sutton,DEN,WR,10,103.1,true,73,30.1,Buy Ahead,,8.16,137.4,16,0,,Worth taking a bit before ADP if he fits your roster; our board is 30 picks higher than the market and the Week 1 role looks usable.,"Fair 73, ADP 103, delta +30. Season 8.1 ppg, Week 1 8.2, risk 0.0."
74,Mike Evans,SF,WR,8,66.9,true,74,-7.1,Fair At Cost,,9.58,166.09,15,1.65,Q; Quadriceps; 15 projected games,Fairly priced. Use roster need and Week 1 confidence as the tiebreaker.,"Fair 74, ADP 67, delta -7. Season 9.8 ppg, Week 1 9.6, risk 1.6 (Q; Quadriceps; 15 projected games)."
75,Lamar Jackson,BAL,QB,13,37.6,true,75,-37.4,Trap,,19.25,305.39,15,0.35,15 projected games,Do not chase the name or story here; price is ahead of our fair value and the risk/role picture is not clean enough.,"Fair 75, ADP 38, delta -37. Season 18.0 ppg, Week 1 19.3, risk 0.3 (15 projected games)."
76,Blake Corum,LAR,RB,11,99.6,true,76,23.6,Buy Ahead,,8.19,134.47,16,0,,Worth taking a bit before ADP if he fits your roster; our board is 24 picks higher than the market and the Week 1 role looks usable.,"Fair 76, ADP 100, delta +24. Season 7.9 ppg, Week 1 8.2, risk 0.0."
77,TreVeyon Henderson,NE,RB,11,62.5,true,77,-14.5,Let Fall,,8.72,161.1,16,1.3,Q; Lower Leg,"Good player, but the room is paying for most of the upside. Take him only if he slips near your pick.","Fair 77, ADP 63, delta -14. Season 9.5 ppg, Week 1 8.7, risk 1.3 (Q; Lower Leg)."
78,Jayden Daniels,WAS,QB,7,54,true,78,-24,Let Fall,,17.53,307.26,16,0,,"Good player, but the room is paying for most of the upside. Take him only if he slips near your pick.","Fair 78, ADP 54, delta -24. Season 18.1 ppg, Week 1 17.5, risk 0.0."
79,Jordan Mason,MIN,RB,6,116.2,true,79,37.2,Buy Ahead,,7.87,135.67,16,0,,Worth taking a bit before ADP if he fits your roster; our board is 37 picks higher than the market and the Week 1 role looks usable.,"Fair 79, ADP 116, delta +37. Season 8.0 ppg, Week 1 7.9, risk 0.0."
80,Drake Maye,NE,QB,11,47.3,true,80,-32.7,Let Fall,,17.05,309.93,16,0,,"Good player, but the room is paying for most of the upside. Take him only if he slips near your pick.","Fair 80, ADP 47, delta -33. Season 18.2 ppg, Week 1 17.1, risk 0.0."
81,Wan'Dale Robinson,TEN,WR,9,130.9,true,81,49.9,Buy Ahead,,8.06,133.65,16,0,,Worth taking a bit before ADP if he fits your roster; our board is 50 picks higher than the market and the Week 1 role looks usable.,"Fair 81, ADP 131, delta +50. Season 7.9 ppg, Week 1 8.1, risk 0.0."
82,Jordan Addison,MIN,WR,6,117.4,true,82,35.4,Buy Ahead,,8.18,132.38,16,0,,Worth taking a bit before ADP if he fits your roster; our board is 35 picks higher than the market and the Week 1 role looks usable.,"Fair 82, ADP 117, delta +35. Season 7.8 ppg, Week 1 8.2, risk 0.0."
83,RJ Harvey,DEN,RB,10,103.5,true,83,20.5,Discount With Reason,,8.38,138.36,15,0.35,15 projected games,"Interesting discount, but it is not free value. The reason to slow down: 15 projected games. Draft only if your roster already has stable starters.","Fair 83, ADP 104, delta +21. Season 8.1 ppg, Week 1 8.4, risk 0.3 (15 projected games)."
84,Michael Wilson,ARI,WR,14,103.2,true,84,19.2,Buy Ahead,,7.7,134.24,16,0,,Worth taking a bit before ADP if he fits your roster; our board is 19 picks higher than the market and the Week 1 role looks usable.,"Fair 84, ADP 103, delta +19. Season 7.9 ppg, Week 1 7.7, risk 0.0."
85,Joe Burrow,CIN,QB,6,48.9,true,85,-36.1,Trap,,19.22,298.95,15,0.35,15 projected games,Do not chase the name or story here; price is ahead of our fair value and the risk/role picture is not clean enough.,"Fair 85, ADP 49, delta -36. Season 17.6 ppg, Week 1 19.2, risk 0.3 (15 projected games)."
86,Chuba Hubbard,CAR,RB,5,83.7,true,86,-2.3,Risk Discount Needed,,9.99,147.06,16,2.4,Q; Hamstring; week-to-week; backfield role pressure,Hamstring plus backfield uncertainty means he is not a boring-safe pick.,The injury opened the door for Jonathon Brooks; take only if the market discount reflects the role risk.
87,DK Metcalf,PIT,WR,9,86.3,true,87,-0.7,Fair At Cost,,9.36,150.3,16,1.3,Q; Undisclosed,Fairly priced. Use roster need and Week 1 confidence as the tiebreaker.,"Fair 87, ADP 86, delta -1. Season 8.8 ppg, Week 1 9.4, risk 1.3 (Q; Undisclosed)."
88,Dak Prescott,DAL,QB,14,74.3,true,88,-13.7,Let Fall,,18,297.42,16,0,,"Good player, but the room is paying for most of the upside. Take him only if he slips near your pick.","Fair 88, ADP 74, delta -14. Season 17.5 ppg, Week 1 18.0, risk 0.0."
89,Chris Godwin Jr.,TB,WR,10,97.8,true,89,8.8,Fair At Cost,,8.16,134.56,15,0.35,15 projected games,Fairly priced. Use roster need and Week 1 confidence as the tiebreaker.,"Fair 89, ADP 98, delta +9. Season 7.9 ppg, Week 1 8.2, risk 0.3 (15 projected games)."
90,Jaxson Dart,NYG,QB,8,87.8,true,90,-2.2,Fair At Cost,,19.45,286.17,16,0,,Fairly priced. Use roster need and Week 1 confidence as the tiebreaker.,"Fair 90, ADP 88, delta -2. Season 16.8 ppg, Week 1 19.4, risk 0.0."
91,Jonathon Brooks,CAR,RB,5,97.9,true,91,6.9,Fair At Cost,,8.38,144.42,12,0.9,12 projected games,Fairly priced. Use roster need and Week 1 confidence as the tiebreaker.,"Fair 91, ADP 98, delta +7. Season 8.5 ppg, Week 1 8.4, risk 0.9 (12 projected games)."
92,Matthew Golden,GB,WR,11,128.3,true,92,36.3,Buy Ahead,,7.43,128.07,16,0,,Worth taking a bit before ADP if he fits your roster; our board is 36 picks higher than the market and the Week 1 role looks usable.,"Fair 92, ADP 128, delta +36. Season 7.5 ppg, Week 1 7.4, risk 0.0."
93,Jalen Coker,CAR,WR,5,133.3,true,93,40.3,Buy Ahead,,8.21,122.46,16,0,,Worth taking a bit before ADP if he fits your roster; our board is 40 picks higher than the market and the Week 1 role looks usable.,"Fair 93, ADP 133, delta +40. Season 7.2 ppg, Week 1 8.2, risk 0.0."
94,Aaron Jones Sr.,MIN,RB,6,123,true,94,29,Discount With Reason,,7.87,132.43,15,0.35,15 projected games,"Interesting discount, but it is not free value. The reason to slow down: 15 projected games. Draft only if your roster already has stable starters.","Fair 94, ADP 123, delta +29. Season 7.8 ppg, Week 1 7.9, risk 0.3 (15 projected games)."
95,Mark Andrews,BAL,TE,13,113.4,true,95,18.4,Discount With Reason,,8.31,129.18,15,0.35,15 projected games,"Interesting discount, but it is not free value. The reason to slow down: 15 projected games. Draft only if your roster already has stable starters.","Fair 95, ADP 113, delta +18. Season 7.6 ppg, Week 1 8.3, risk 0.3 (15 projected games)."
96,Kyle Monangai,CHI,RB,10,103.8,true,96,7.8,Fair At Cost,,8.49,147.89,16,1.3,Q; Knee,Fairly priced. Use roster need and Week 1 confidence as the tiebreaker.,"Fair 96, ADP 104, delta +8. Season 8.7 ppg, Week 1 8.5, risk 1.3 (Q; Knee)."
97,Travis Kelce,KC,TE,5,93.9,true,97,-3.1,Fair At Cost,,7.56,130.17,15,0.35,15 projected games,Fairly priced. Use roster need and Week 1 confidence as the tiebreaker.,"Fair 97, ADP 94, delta -3. Season 7.7 ppg, Week 1 7.6, risk 0.3 (15 projected games)."
98,KC Concepcion,CLE,WR,11,128.3,true,98,30.3,Buy Ahead,,7.04,123.78,16,0,,Worth taking a bit before ADP if he fits your roster; our board is 30 picks higher than the market and the Week 1 role looks usable.,"Fair 98, ADP 128, delta +30. Season 7.3 ppg, Week 1 7.0, risk 0.0."
99,Stefon Diggs,WAS,WR,7,108.3,true,99,9.3,Fair At Cost,,7.51,126.65,15,0.35,15 projected games,Fairly priced. Use roster need and Week 1 confidence as the tiebreaker.,"Fair 99, ADP 108, delta +9. Season 7.5 ppg, Week 1 7.5, risk 0.3 (15 projected games)."
100,Justin Herbert,LAC,QB,7,69.7,true,100,-30.3,Let Fall,,18.64,279.65,16,0,,"Good player, but the room is paying for most of the upside. Take him only if he slips near your pick.","Fair 100, ADP 70, delta -30. Season 16.4 ppg, Week 1 18.6, risk 0.0."
101,Caleb Williams,CHI,QB,10,68.1,true,101,-32.9,Let Fall,,17.57,284.1,16,0,,"Good player, but the room is paying for most of the upside. Take him only if he slips near your pick.","Fair 101, ADP 68, delta -33. Season 16.7 ppg, Week 1 17.6, risk 0.0."
102,Jake Ferguson,DAL,TE,14,115.4,true,102,13.4,Buy Ahead,,6.94,119.33,16,0,,Worth taking a bit before ADP if he fits your roster; our board is 13 picks higher than the market and the Week 1 role looks usable.,"Fair 102, ADP 115, delta +13. Season 7.0 ppg, Week 1 6.9, risk 0.0."
103,Romeo Doubs,NE,WR,11,131.8,true,103,28.8,Buy Ahead,,6.88,118.83,16,0,,Worth taking a bit before ADP if he fits your roster; our board is 29 picks higher than the market and the Week 1 role looks usable.,"Fair 103, ADP 132, delta +29. Season 7.0 ppg, Week 1 6.9, risk 0.0."
104,Hunter Henry,NE,TE,11,127.8,true,104,23.8,Buy Ahead,,6.77,118.92,16,0,,Worth taking a bit before ADP if he fits your roster; our board is 24 picks higher than the market and the Week 1 role looks usable.,"Fair 104, ADP 128, delta +24. Season 7.0 ppg, Week 1 6.8, risk 0.0."
105,Michael Pittman Jr.,PIT,WR,9,119.9,true,105,14.9,Discount With Reason,,8.47,138.49,16,1.3,Q; Hamstring,"Interesting discount, but it is not free value. The reason to slow down: Q, Hamstring. Draft only if your roster already has stable starters.","Fair 105, ADP 120, delta +15. Season 8.1 ppg, Week 1 8.5, risk 1.3 (Q; Hamstring)."
106,J.K. Dobbins,DEN,RB,10,96.8,true,106,-9.2,Fair At Cost,,7.27,136.43,14,0.9,14 projected games,Fairly priced. Use roster need and Week 1 confidence as the tiebreaker.,"Fair 106, ADP 97, delta -9. Season 8.0 ppg, Week 1 7.3, risk 0.9 (14 projected games)."
107,Isaiah Likely,NYG,TE,8,109.1,true,107,2.1,Fair At Cost,,7.25,114.16,16,0,,Fairly priced. Use roster need and Week 1 confidence as the tiebreaker.,"Fair 107, ADP 109, delta +2. Season 6.7 ppg, Week 1 7.3, risk 0.0."
108,Dallas Goedert,PHI,TE,10,106.4,true,108,-1.6,Fair At Cost,,7.81,118.51,15,0.35,15 projected games,Fairly priced. Use roster need and Week 1 confidence as the tiebreaker.,"Fair 108, ADP 106, delta -2. Season 7.0 ppg, Week 1 7.8, risk 0.3 (15 projected games)."
109,Dalton Kincaid,BUF,TE,7,99.1,true,109,-9.9,Fair At Cost,,6.6,117.76,16,0,,Fairly priced. Use roster need and Week 1 confidence as the tiebreaker.,"Fair 109, ADP 99, delta -10. Season 6.9 ppg, Week 1 6.6, risk 0.0."
110,Makai Lemon,PHI,WR,10,111.8,true,110,1.8,Fair At Cost,,6.32,118.8,16,0,,Fairly priced. Use roster need and Week 1 confidence as the tiebreaker.,"Fair 110, ADP 112, delta +2. Season 7.0 ppg, Week 1 6.3, risk 0.0."
111,Sam LaPorta,DET,TE,6,63,true,111,-48,Trap,,8.6,142.43,15,1.65,Q; Hip; 15 projected games,Do not chase the name or story here; price is ahead of our fair value and the risk/role picture is not clean enough.,"Fair 111, ADP 63, delta -48. Season 8.4 ppg, Week 1 8.6, risk 1.6 (Q; Hip; 15 projected games)."
112,Jared Goff,DET,QB,6,114.5,true,112,2.5,Fair At Cost,,17.05,278.98,16,0,,Fairly priced. Use roster need and Week 1 confidence as the tiebreaker.,"Fair 112, ADP 115, delta +3. Season 16.4 ppg, Week 1 17.1, risk 0.0."
113,Juwan Johnson,NO,TE,8,127.7,true,113,14.7,Buy Ahead,,6.96,110.76,16,0,,Worth taking a bit before ADP if he fits your roster; our board is 15 picks higher than the market and the Week 1 role looks usable.,"Fair 113, ADP 128, delta +15. Season 6.5 ppg, Week 1 7.0, risk 0.0."
114,Tyjae Spears,TEN,RB,9,133.3,true,114,19.3,Buy Ahead,,6.87,110.52,16,0,,Worth taking a bit before ADP if he fits your roster; our board is 19 picks higher than the market and the Week 1 role looks usable.,"Fair 114, ADP 133, delta +19. Season 6.5 ppg, Week 1 6.9, risk 0.0."
115,Chris Rodriguez Jr.,JAX,RB,7,131.8,true,115,16.8,Buy Ahead,,6.74,111.3,16,0,,Worth taking a bit before ADP if he fits your roster; our board is 17 picks higher than the market and the Week 1 role looks usable.,"Fair 115, ADP 132, delta +17. Season 6.5 ppg, Week 1 6.7, risk 0.0."
116,Rashid Shaheed,SEA,WR,11,128.3,true,116,12.3,Buy Ahead,,6.77,111.07,16,0,,Worth taking a bit before ADP if he fits your roster; our board is 12 picks higher than the market and the Week 1 role looks usable.,"Fair 116, ADP 128, delta +12. Season 6.5 ppg, Week 1 6.8, risk 0.0."
117,Trevor Lawrence,JAX,QB,7,84.8,true,117,-32.2,Let Fall,,16.16,283.28,16,0,,"Good player, but the room is paying for most of the upside. Take him only if he slips near your pick.","Fair 117, ADP 85, delta -32. Season 16.7 ppg, Week 1 16.2, risk 0.0."
118,Tucker Kraft,GB,TE,11,60.9,true,118,-57.1,Trap,,8.72,148.11,14,2.2,Q; Knee - ACL; 14 projected games,Do not chase the name or story here; price is ahead of our fair value and the risk/role picture is not clean enough.,"Fair 118, ADP 61, delta -57. Season 8.7 ppg, Week 1 8.7, risk 2.2 (Q; Knee - ACL; 14 projected games)."
119,Brenton Strange,JAX,TE,7,128.9,true,119,9.9,Fair At Cost,,6.01,113.15,16,0,,Fairly priced. Use roster need and Week 1 confidence as the tiebreaker.,"Fair 119, ADP 129, delta +10. Season 6.7 ppg, Week 1 6.0, risk 0.0."
120,Bo Nix,DEN,QB,10,99.9,true,120,-20.1,Let Fall,,16.44,278.25,16,0,,"Good player, but the room is paying for most of the upside. Take him only if he slips near your pick.","Fair 120, ADP 100, delta -20. Season 16.4 ppg, Week 1 16.4, risk 0.0."
121,Jakobi Meyers,JAX,WR,7,129,true,121,8,Fair At Cost,,7.28,132.7,16,1.3,Q; Hand,Fairly priced. Use roster need and Week 1 confidence as the tiebreaker.,"Fair 121, ADP 129, delta +8. Season 7.8 ppg, Week 1 7.3, risk 1.3 (Q; Hand)."
122,Tyler Shough,NO,QB,8,130,true,122,8,Fair At Cost,,16.71,273.1,16,0,,Fairly priced. Use roster need and Week 1 confidence as the tiebreaker.,"Fair 122, ADP 130, delta +8. Season 16.1 ppg, Week 1 16.7, risk 0.0."
123,Rachaad White,WAS,RB,7,122.1,true,123,-0.9,Fair At Cost,,7.8,128.22,16,1.3,Q; Calf,Fairly priced. Use roster need and Week 1 confidence as the tiebreaker.,"Fair 123, ADP 122, delta -1. Season 7.5 ppg, Week 1 7.8, risk 1.3 (Q; Calf)."
124,Quentin Johnston,LAC,WR,7,109.4,true,124,-14.6,Let Fall,,8.35,124.76,16,1.3,Q; Lower Body,"Good player, but the room is paying for most of the upside. Take him only if he slips near your pick.","Fair 124, ADP 109, delta -15. Season 7.3 ppg, Week 1 8.3, risk 1.3 (Q; Lower Body)."
125,Dalton Schultz,HOU,TE,8,128.4,true,125,3.4,Fair At Cost,,6.41,106.36,16,0,,Fairly priced. Use roster need and Week 1 confidence as the tiebreaker.,"Fair 125, ADP 128, delta +3. Season 6.3 ppg, Week 1 6.4, risk 0.0."
126,Jordan Love,GB,QB,11,124.3,true,126,-1.7,Fair At Cost,,16.17,272.56,16,0,,Fairly priced. Use roster need and Week 1 confidence as the tiebreaker.,"Fair 126, ADP 124, delta -2. Season 16.0 ppg, Week 1 16.2, risk 0.0."
127,Denzel Boston,CLE,WR,11,131.5,true,127,4.5,Fair At Cost,,5.72,106.71,16,0,,Fairly priced. Use roster need and Week 1 confidence as the tiebreaker.,"Fair 127, ADP 132, delta +5. Season 6.3 ppg, Week 1 5.7, risk 0.0."
128,T.J. Hockenson,MIN,TE,6,129.2,true,128,1.2,Fair At Cost,,5.95,104.41,16,0,,Fairly priced. Use roster need and Week 1 confidence as the tiebreaker.,"Fair 128, ADP 129, delta +1. Season 6.1 ppg, Week 1 6.0, risk 0.0."
129,Woody Marks,HOU,RB,8,131.6,true,129,2.6,Fair At Cost,,6.46,100.84,16,0,,Fairly priced. Use roster need and Week 1 confidence as the tiebreaker.,"Fair 129, ADP 132, delta +3. Season 5.9 ppg, Week 1 6.5, risk 0.0."
130,Khalil Shakir,BUF,WR,7,131.4,true,130,1.4,Fair At Cost,,7.51,124.51,16,1.3,Q; Undisclosed,Fairly priced. Use roster need and Week 1 confidence as the tiebreaker.,"Fair 130, ADP 131, delta +1. Season 7.3 ppg, Week 1 7.5, risk 1.3 (Q; Undisclosed)."
131,Alec Pierce,IND,WR,13,91.3,true,131,-39.7,Trap,,9.6,162.4,16,3.5,PUP; Ankle,Do not chase the name or story here; price is ahead of our fair value and the risk/role picture is not clean enough.,"Fair 131, ADP 91, delta -40. Season 9.6 ppg, Week 1 9.6, risk 3.5 (PUP; Ankle)."
132,Jalen Nailor,LV,WR,13,130.2,true,132,-1.8,Fair At Cost,,6.54,99.55,16,0,,Fairly priced. Use roster need and Week 1 confidence as the tiebreaker.,"Fair 132, ADP 130, delta -2. Season 5.9 ppg, Week 1 6.5, risk 0.0."
133,Jacory Croskey-Merritt,WAS,RB,7,111.4,true,133,-21.6,Trap,,7.35,124.03,16,1.3,Q; Undisclosed,Do not chase the name or story here; price is ahead of our fair value and the risk/role picture is not clean enough.,"Fair 133, ADP 111, delta -22. Season 7.3 ppg, Week 1 7.3, risk 1.3 (Q; Undisclosed)."
134,Brock Purdy,SF,QB,8,98.3,true,134,-35.7,Trap,,16.43,273.52,15,0.35,15 projected games,Do not chase the name or story here; price is ahead of our fair value and the risk/role picture is not clean enough.,"Fair 134, ADP 98, delta -36. Season 16.1 ppg, Week 1 16.4, risk 0.3 (15 projected games)."
135,Matthew Stafford,LAR,QB,11,100.5,true,135,-34.5,Let Fall,Playable now,16.76,262.19,16,0,,"Good player, but the room is paying for most of the upside. Take him only if he slips near your pick.","Fair 135, ADP 101, delta -34. Season 15.4 ppg, Week 1 16.8, risk 0.0."
136,AJ Barner,SEA,TE,11,126,true,136,-10,Let Fall,Bench clog risk,5.95,98.56,16,0,,"Good player, but the room is paying for most of the upside. Take him only if he slips near your pick.","Fair 136, ADP 126, delta -10. Season 5.8 ppg, Week 1 6.0, risk 0.0."
137,Xavier Worthy,KC,WR,5,128.8,true,137,-8.2,Fair At Cost,Contingent upside,6.86,121.44,16,1.3,Q; Shoulder,Fairly priced. Use roster need and Week 1 confidence as the tiebreaker.,"Fair 137, ADP 129, delta -8. Season 7.1 ppg, Week 1 6.9, risk 1.3 (Q; Shoulder)."
138,Deebo Samuel Sr.,SF,WR,8,127.5,true,138,-10.5,Let Fall,Bench clog risk,6.33,102.34,15,0.35,15 projected games,"Good player, but the room is paying for most of the upside. Take him only if he slips near your pick.","Fair 138, ADP 128, delta -10. Season 6.0 ppg, Week 1 6.3, risk 0.3 (15 projected games)."
139,Pat Freiermuth,PIT,TE,9,124.5,true,139,-14.5,Let Fall,Bench clog risk,5.74,97.11,16,0,,"Good player, but the room is paying for most of the upside. Take him only if he slips near your pick.","Fair 139, ADP 125, delta -14. Season 5.7 ppg, Week 1 5.7, risk 0.0."
140,Chig Okonkwo,WAS,TE,7,126.4,true,140,-13.6,Let Fall,Bench clog risk,5.54,98.18,16,0,,"Good player, but the room is paying for most of the upside. Take him only if he slips near your pick.","Fair 140, ADP 126, delta -14. Season 5.8 ppg, Week 1 5.5, risk 0.0."
141,Tre Tucker,LV,WR,13,184,false,141,43,Late Only,Bench clog risk,6.39,91.33,16,0,,"No reliable Yahoo ADP signal. Treat as a late-round review name, not someone to chase before the board says you need him.","Fair 141, no ADP; Yahoo rank 184, delta +43. Season 5.4 ppg, Week 1 6.4, risk 0.0."
142,Malik Washington,MIA,WR,6,198,false,142,56,Late Only,Bench clog risk,5.74,93.39,16,0,,"No reliable Yahoo ADP signal. Treat as a late-round review name, not someone to chase before the board says you need him.","Fair 142, no ADP; Yahoo rank 198, delta +56. Season 5.5 ppg, Week 1 5.7, risk 0.0."
143,C.J. Stroud,HOU,QB,8,125.6,true,143,-17.4,Let Fall,Playable now,15.65,261.49,16,0,,"Good player, but the room is paying for most of the upside. Take him only if he slips near your pick.","Fair 143, ADP 126, delta -17. Season 15.4 ppg, Week 1 15.7, risk 0.0."
144,Jerry Jeudy,CLE,WR,11,196,false,144,52,Late Only,Bench clog risk,5.27,96.24,16,0,,"No reliable Yahoo ADP signal. Treat as a late-round review name, not someone to chase before the board says you need him.","Fair 144, no ADP; Yahoo rank 196, delta +52. Season 5.7 ppg, Week 1 5.3, risk 0.0."
145,Tyrone Tracy Jr.,NYG,RB,8,131,true,145,-14,Let Fall,Bench clog risk,5.61,93.52,16,0,,"Good player, but the room is paying for most of the upside. Take him only if he slips near your pick.","Fair 145, ADP 131, delta -14. Season 5.5 ppg, Week 1 5.6, risk 0.0."
146,Jauan Jennings,MIN,WR,6,126.9,true,146,-19.1,Let Fall,Bench clog risk,5.95,90.66,16,0,,"Good player, but the room is paying for most of the upside. Take him only if he slips near your pick.","Fair 146, ADP 127, delta -19. Season 5.3 ppg, Week 1 6.0, risk 0.0."
147,Kyler Murray,MIN,QB,6,111.7,true,147,-35.3,Trap,Playable now,16.4,263.64,15,0.35,15 projected games,Do not chase the name or story here; price is ahead of our fair value and the risk/role picture is not clean enough.,"Fair 147, ADP 112, delta -35. Season 15.5 ppg, Week 1 16.4, risk 0.3 (15 projected games)."
148,Malik Willis,MIA,QB,6,124.8,true,148,-23.2,Trap,Playable now,16.2,264.23,15,0.35,15 projected games,Do not chase the name or story here; price is ahead of our fair value and the risk/role picture is not clean enough.,"Fair 148, ADP 125, delta -23. Season 15.5 ppg, Week 1 16.2, risk 0.3 (15 projected games)."
149,Keaton Mitchell,LAC,RB,7,131.9,true,149,-17.1,Let Fall,Bench clog risk,5.9,89.62,16,0,,"Good player, but the room is paying for most of the upside. Take him only if he slips near your pick.","Fair 149, ADP 132, delta -17. Season 5.3 ppg, Week 1 5.9, risk 0.0."
150,Baker Mayfield,TB,QB,10,126.3,true,150,-23.7,Let Fall,Playable now,16.1,255.11,16,0,,"Good player, but the room is paying for most of the upside. Take him only if he slips near your pick.","Fair 150, ADP 126, delta -24. Season 15.0 ppg, Week 1 16.1, risk 0.0."
151,George Kittle,SF,TE,8,87,true,151,-64,Risk Discount Needed,Bench clog risk,7.51,129.34,14,3,Q; Achilles; activated from PUP; ramp/age risk; 14 projected games,"Activation is good news, but an Achilles ramp for an older TE is not a normal starter profile.","Week 1 hope is real, but ADP must fall because snap/route ramp and reinjury risk matter more in guillotine."
152,Ryan Flournoy,DAL,WR,14,166,false,152,14,Late Only,Bench clog risk,5.32,90.65,16,0,,"No reliable Yahoo ADP signal. Treat as a late-round review name, not someone to chase before the board says you need him.","Fair 152, no ADP; Yahoo rank 166, delta +14. Season 5.3 ppg, Week 1 5.3, risk 0.0."
153,Gunnar Helm,TEN,TE,9,226,false,153,73,Late Only,Bench clog risk,5.29,87.58,16,0,,"No reliable Yahoo ADP signal. Treat as a late-round review name, not someone to chase before the board says you need him.","Fair 153, no ADP; Yahoo rank 226, delta +73. Season 5.2 ppg, Week 1 5.3, risk 0.0."
154,Greg Dulcich,MIA,TE,6,131.9,true,154,-22.1,Trap,Bench clog risk,6.14,101.72,14,0.9,14 projected games,Do not chase the name or story here; price is ahead of our fair value and the risk/role picture is not clean enough.,"Fair 154, ADP 132, delta -22. Season 6.0 ppg, Week 1 6.1, risk 0.9 (14 projected games)."
155,Adonai Mitchell,NYJ,WR,13,146,false,155,-9,Late Only,Bench clog risk,5.37,83.4,16,0,,"No reliable Yahoo ADP signal. Treat as a late-round review name, not someone to chase before the board says you need him.","Fair 155, no ADP; Yahoo rank 146, delta -9. Season 4.9 ppg, Week 1 5.4, risk 0.0."
156,Dylan Sampson,CLE,RB,11,181,false,156,25,Late Only,Bench clog risk,5.13,84.71,16,0,,"No reliable Yahoo ADP signal. Treat as a late-round review name, not someone to chase before the board says you need him.","Fair 156, no ADP; Yahoo rank 181, delta +25. Season 5.0 ppg, Week 1 5.1, risk 0.0."
157,Oronde Gadsden,LAC,TE,7,126.6,true,157,-30.4,Let Fall,Bench clog risk,4.65,87.58,16,0,,"Good player, but the room is paying for most of the upside. Take him only if he slips near your pick.","Fair 157, ADP 127, delta -30. Season 5.2 ppg, Week 1 4.7, risk 0.0."
158,Tyler Allgeier,ARI,RB,14,129.9,true,158,-28.1,Let Fall,Bench clog risk,5.17,82.89,16,0,,"Good player, but the room is paying for most of the upside. Take him only if he slips near your pick.","Fair 158, ADP 130, delta -28. Season 4.9 ppg, Week 1 5.2, risk 0.0."
159,Rashod Bateman,BAL,WR,13,221,false,159,62,Late Only,Bench clog risk,5.35,79.68,16,0,,"No reliable Yahoo ADP signal. Treat as a late-round review name, not someone to chase before the board says you need him.","Fair 159, no ADP; Yahoo rank 221, delta +62. Season 4.7 ppg, Week 1 5.3, risk 0.0."
160,Patrick Mahomes,KC,QB,5,99.9,true,160,-60.1,Trap,Stash only,15.84,274.83,16,4,Q; ACL/LCL recovery; Week 1 not guaranteed; one-QB guillotine league,Do not spend a meaningful pick on a QB with Week 1 knee uncertainty in this format.,"Even if he plays, one-QB replacement value and knee ramp make the ADP difficult to justify."
161,Devaughn Vele,NO,WR,8,199,false,161,38,Late Only,Bench clog risk,5.2,78.68,16,0,,"No reliable Yahoo ADP signal. Treat as a late-round review name, not someone to chase before the board says you need him.","Fair 161, no ADP; Yahoo rank 199, delta +38. Season 4.6 ppg, Week 1 5.2, risk 0.0."
162,Sam Darnold,SEA,QB,11,122.7,true,162,-39.3,Let Fall,Playable now,15.17,242.58,16,0,,"Good player, but the room is paying for most of the upside. Take him only if he slips near your pick.","Fair 162, ADP 123, delta -39. Season 14.3 ppg, Week 1 15.2, risk 0.0."
163,Terrance Ferguson,LAR,TE,11,126.7,true,163,-36.3,Let Fall,Bench clog risk,4.2,80.48,16,0,,"Good player, but the room is paying for most of the upside. Take him only if he slips near your pick.","Fair 163, ADP 127, delta -36. Season 4.7 ppg, Week 1 4.2, risk 0.0."
164,Brian Robinson,ATL,RB,11,121.7,true,164,-42.3,Let Fall,Bench clog risk,4.75,75.86,16,0,,"Good player, but the room is paying for most of the upside. Take him only if he slips near your pick.","Fair 164, ADP 122, delta -42. Season 4.5 ppg, Week 1 4.8, risk 0.0."
165,Omar Cooper Jr.,NYJ,WR,13,130.2,true,165,-34.8,Let Fall,Bench clog risk,3.95,80.07,16,0,,"Good player, but the room is paying for most of the upside. Take him only if he slips near your pick.","Fair 165, ADP 130, delta -35. Season 4.7 ppg, Week 1 4.0, risk 0.0."
166,Caleb Douglas,MIA,WR,6,195,false,166,29,Late Only,Bench clog risk,4.58,75.71,16,0,,"No reliable Yahoo ADP signal. Treat as a late-round review name, not someone to chase before the board says you need him.","Fair 166, no ADP; Yahoo rank 195, delta +29. Season 4.5 ppg, Week 1 4.6, risk 0.0."
167,Isaac TeSlaa,DET,WR,6,125.4,true,167,-41.6,Let Fall,Bench clog risk,4.09,75.42,16,0,,"Good player, but the room is paying for most of the upside. Take him only if he slips near your pick.","Fair 167, ADP 125, delta -42. Season 4.4 ppg, Week 1 4.1, risk 0.0."
168,Ja'Kobi Lane,BAL,WR,13,125.5,true,168,-42.5,Let Fall,Bench clog risk,3.89,75,16,0,,"Good player, but the room is paying for most of the upside. Take him only if he slips near your pick.","Fair 168, ADP 126, delta -42. Season 4.4 ppg, Week 1 3.9, risk 0.0."
169,Mike Washington Jr.,LV,RB,13,122.2,true,169,-46.8,Let Fall,Contingent upside,4.51,70.73,16,0.8,Jeanty ankle contingency,Only a late contingency pick. He matters if Jeanty is limited.,Watch Raiders practice reports; he is a late-round leverage option if the room underreacts to Jeanty's ankle.
170,Daniel Jones,IND,QB,13,127.5,true,170,-42.5,Trap,Playable now,16.27,233.47,15,0.35,15 projected games,Do not chase the name or story here; price is ahead of our fair value and the risk/role picture is not clean enough.,"Fair 170, ADP 128, delta -42. Season 13.7 ppg, Week 1 16.3, risk 0.3 (15 projected games)."
171,Cam Ward,TEN,QB,9,125.3,true,171,-45.7,Let Fall,Playable now,15.35,230.62,16,0,,"Good player, but the room is paying for most of the upside. Take him only if he slips near your pick.","Fair 171, ADP 125, delta -46. Season 13.6 ppg, Week 1 15.3, risk 0.0."
172,Dontayvion Wicks,PHI,WR,10,163,false,172,-9,Late Only,Bench clog risk,5.46,71.06,15,0.35,15 projected games,"No reliable Yahoo ADP signal. Treat as a late-round review name, not someone to chase before the board says you need him.","Fair 172, no ADP; Yahoo rank 163, delta -9. Season 4.2 ppg, Week 1 5.5, risk 0.3 (15 projected games)."
173,Mike Gesicki,CIN,TE,6,313,false,173,140,Late Only,Bench clog risk,4.62,75.92,15,0.35,15 projected games,"No reliable Yahoo ADP signal. Treat as a late-round review name, not someone to chase before the board says you need him.","Fair 173, no ADP; Yahoo rank 313, delta +140. Season 4.5 ppg, Week 1 4.6, risk 0.3 (15 projected games)."
174,Tank Bigsby,PHI,RB,10,130.6,true,174,-43.4,Let Fall,Bench clog risk,4.36,69.17,16,0,,"Good player, but the room is paying for most of the upside. Take him only if he slips near your pick.","Fair 174, ADP 131, delta -43. Season 4.1 ppg, Week 1 4.4, risk 0.0."
175,Germie Bernard,PIT,WR,9,271,false,175,96,Late Only,Bench clog risk,4.07,70.59,16,0,,"No reliable Yahoo ADP signal. Treat as a late-round review name, not someone to chase before the board says you need him.","Fair 175, no ADP; Yahoo rank 271, delta +96. Season 4.2 ppg, Week 1 4.1, risk 0.0."
176,Keenan Allen,IND,WR,13,123.9,true,176,-52.1,Trap,Bench clog risk,5.63,81.3,14,0.9,14 projected games,Do not chase the name or story here; price is ahead of our fair value and the risk/role picture is not clean enough.,"Fair 176, ADP 124, delta -52. Season 4.8 ppg, Week 1 5.6, risk 0.9 (14 projected games)."
177,Jalen McMillan,TB,WR,10,129.3,true,177,-47.7,Trap,Bench clog risk,5.46,91.52,16,1.3,Q; Knee,Do not chase the name or story here; price is ahead of our fair value and the risk/role picture is not clean enough.,"Fair 177, ADP 129, delta -48. Season 5.4 ppg, Week 1 5.5, risk 1.3 (Q; Knee)."
178,Darren Waller,CAR,TE,5,287,false,178,109,Late Only,Bench clog risk,5.29,83.2,14,0.9,14 projected games,"No reliable Yahoo ADP signal. Treat as a late-round review name, not someone to chase before the board says you need him.","Fair 178, no ADP; Yahoo rank 287, delta +109. Season 4.9 ppg, Week 1 5.3, risk 0.9 (14 projected games)."
179,Pat Bryant,DEN,WR,10,173,false,179,-6,Late Only,Bench clog risk,4.76,73.56,15,0.35,15 projected games,"No reliable Yahoo ADP signal. Treat as a late-round review name, not someone to chase before the board says you need him.","Fair 179, no ADP; Yahoo rank 173, delta -6. Season 4.3 ppg, Week 1 4.8, risk 0.3 (15 projected games)."
180,Kayshon Boutte,HOU,WR,8,237,false,180,57,Late Only,Bench clog risk,3.62,71.89,16,0,,"No reliable Yahoo ADP signal. Treat as a late-round review name, not someone to chase before the board says you need him.","Fair 180, no ADP; Yahoo rank 237, delta +57. Season 4.2 ppg, Week 1 3.6, risk 0.0."
181,Bryce Young,CAR,QB,5,122.2,true,181,-58.8,Let Fall,Playable now,15.22,227.12,16,0,,"Good player, but the room is paying for most of the upside. Take him only if he slips near your pick.","Fair 181, ADP 122, delta -59. Season 13.4 ppg, Week 1 15.2, risk 0.0."
182,Zachariah Branch,ATL,WR,11,222,false,182,40,Late Only,Bench clog risk,3.58,69.8,16,0,,"No reliable Yahoo ADP signal. Treat as a late-round review name, not someone to chase before the board says you need him.","Fair 182, no ADP; Yahoo rank 222, delta +40. Season 4.1 ppg, Week 1 3.6, risk 0.0."
183,Cooper Kupp,SEA,WR,11,120.4,true,183,-62.6,Trap,Bench clog risk,4.88,69.58,15,0.35,15 projected games,Do not chase the name or story here; price is ahead of our fair value and the risk/role picture is not clean enough.,"Fair 183, ADP 120, delta -63. Season 4.1 ppg, Week 1 4.9, risk 0.3 (15 projected games)."
184,De'Zhaun Stribling,SF,WR,8,116.4,true,184,-67.6,Trap,Bench clog risk,4.9,91.47,16,1.3,Q; Shoulder,Do not chase the name or story here; price is ahead of our fair value and the risk/role picture is not clean enough.,"Fair 184, ADP 116, delta -68. Season 5.4 ppg, Week 1 4.9, risk 1.3 (Q; Shoulder)."
185,Andrei Iosivas,CIN,WR,6,319,false,185,134,Late Only,Bench clog risk,4.06,66.41,16,0,,"No reliable Yahoo ADP signal. Treat as a late-round review name, not someone to chase before the board says you need him.","Fair 185, no ADP; Yahoo rank 319, delta +134. Season 3.9 ppg, Week 1 4.1, risk 0.0."
186,Travis Hunter,JAX,WR,7,126.5,true,186,-59.5,Trap,Bench clog risk,3.86,75.49,15,0.35,15 projected games,Do not chase the name or story here; price is ahead of our fair value and the risk/role picture is not clean enough.,"Fair 186, ADP 127, delta -59. Season 4.4 ppg, Week 1 3.9, risk 0.3 (15 projected games)."
187,Samaje Perine,CIN,RB,6,293,false,187,106,Late Only,Bench clog risk,3.77,67.59,16,0,,"No reliable Yahoo ADP signal. Treat as a late-round review name, not someone to chase before the board says you need him.","Fair 187, no ADP; Yahoo rank 293, delta +106. Season 4.0 ppg, Week 1 3.8, risk 0.0."
188,Braelon Allen,NYJ,RB,13,172,false,188,-16,Late Only,Bench clog risk,3.97,65.23,16,0,,"No reliable Yahoo ADP signal. Treat as a late-round review name, not someone to chase before the board says you need him.","Fair 188, no ADP; Yahoo rank 172, delta -16. Season 3.8 ppg, Week 1 4.0, risk 0.0."
189,Tre' Harris,LAC,WR,7,180,false,189,-9,Late Only,Bench clog risk,5.17,86.09,16,1.3,Q; Undisclosed,"No reliable Yahoo ADP signal. Treat as a late-round review name, not someone to chase before the board says you need him.","Fair 189, no ADP; Yahoo rank 180, delta -9. Season 5.1 ppg, Week 1 5.2, risk 1.3 (Q; Undisclosed)."
190,Ray Davis,BUF,RB,7,171,false,190,-19,Late Only,Bench clog risk,3.58,65.19,16,0,,"No reliable Yahoo ADP signal. Treat as a late-round review name, not someone to chase before the board says you need him.","Fair 190, no ADP; Yahoo rank 171, delta -19. Season 3.8 ppg, Week 1 3.6, risk 0.0."
191,Cade Otton,TB,TE,10,273,false,191,82,Late Only,Bench clog risk,5.18,84.5,16,1.3,Q; Undisclosed,"No reliable Yahoo ADP signal. Treat as a late-round review name, not someone to chase before the board says you need him.","Fair 191, no ADP; Yahoo rank 273, delta +82. Season 5.0 ppg, Week 1 5.2, risk 1.3 (Q; Undisclosed)."
192,Kenyon Sadiq,NYJ,TE,13,130,true,192,-62,Trap,Bench clog risk,4.94,85.3,16,1.3,Q; Abdomen,Do not chase the name or story here; price is ahead of our fair value and the risk/role picture is not clean enough.,"Fair 192, ADP 130, delta -62. Season 5.0 ppg, Week 1 4.9, risk 1.3 (Q; Abdomen)."
193,Malachi Fields,NYG,WR,8,242,false,193,49,Late Only,Bench clog risk,4.13,59.18,16,0,,"No reliable Yahoo ADP signal. Treat as a late-round review name, not someone to chase before the board says you need him.","Fair 193, no ADP; Yahoo rank 242, delta +49. Season 3.5 ppg, Week 1 4.1, risk 0.0."
194,Darnell Mooney,NYG,WR,8,244,false,194,50,Late Only,Bench clog risk,4.23,58.31,16,0,,"No reliable Yahoo ADP signal. Treat as a late-round review name, not someone to chase before the board says you need him.","Fair 194, no ADP; Yahoo rank 244, delta +50. Season 3.4 ppg, Week 1 4.2, risk 0.0."
195,Jonah Coleman,DEN,RB,10,130.2,true,195,-64.8,Let Fall,Bench clog risk,3.44,63.1,16,0,,"Good player, but the room is paying for most of the upside. Take him only if he slips near your pick.","Fair 195, ADP 130, delta -65. Season 3.7 ppg, Week 1 3.4, risk 0.0."
196,Colby Parkinson,LAR,TE,11,269,false,196,73,Late Only,Bench clog risk,3.83,60.41,16,0,,"No reliable Yahoo ADP signal. Treat as a late-round review name, not someone to chase before the board says you need him.","Fair 196, no ADP; Yahoo rank 269, delta +73. Season 3.6 ppg, Week 1 3.8, risk 0.0."
197,Darnell Washington,PIT,TE,9,286,false,197,89,Late Only,Bench clog risk,3.56,61.61,16,0,,"No reliable Yahoo ADP signal. Treat as a late-round review name, not someone to chase before the board says you need him.","Fair 197, no ADP; Yahoo rank 286, delta +89. Season 3.6 ppg, Week 1 3.6, risk 0.0."
198,KaVontae Turpin,DAL,WR,14,500,false,198,302,Late Only,Bench clog risk,3.5,61.1,16,0,,"No reliable Yahoo ADP signal. Treat as a late-round review name, not someone to chase before the board says you need him.","Fair 198, no ADP; Yahoo rank 2063, delta +302. Season 3.6 ppg, Week 1 3.5, risk 0.0."
199,Jack Bech,LV,WR,13,232,false,199,33,Late Only,Bench clog risk,3.76,58.39,16,0,,"No reliable Yahoo ADP signal. Treat as a late-round review name, not someone to chase before the board says you need him.","Fair 199, no ADP; Yahoo rank 232, delta +33. Season 3.4 ppg, Week 1 3.8, risk 0.0."
200,Calvin Ridley,TEN,WR,9,215,false,200,15,Late Only,Bench clog risk,5.02,71.37,14,0.9,14 projected games,"No reliable Yahoo ADP signal. Treat as a late-round review name, not someone to chase before the board says you need him.","Fair 200, no ADP; Yahoo rank 215, delta +15. Season 4.2 ppg, Week 1 5.0, risk 0.9 (14 projected games)."
201,Dawson Knox,BUF,TE,7,367,false,201,166,Late Only,Bench clog risk,3.53,59.42,16,0,,"No reliable Yahoo ADP signal. Treat as a late-round review name, not someone to chase before the board says you need him.","Fair 201, no ADP; Yahoo rank 367, delta +166. Season 3.5 ppg, Week 1 3.5, risk 0.0."
202,Mason Taylor,NYJ,TE,13,317,false,202,115,Late Only,Bench clog risk,3.53,59.13,16,0,,"No reliable Yahoo ADP signal. Treat as a late-round review name, not someone to chase before the board says you need him.","Fair 202, no ADP; Yahoo rank 317, delta +115. Season 3.5 ppg, Week 1 3.5, risk 0.0."
203,Michael Mayer,LV,TE,13,308,false,203,105,Late Only,Bench clog risk,3.47,59.13,16,0,,"No reliable Yahoo ADP signal. Treat as a late-round review name, not someone to chase before the board says you need him.","Fair 203, no ADP; Yahoo rank 308, delta +105. Season 3.5 ppg, Week 1 3.5, risk 0.0."
204,Cole Kmet,CHI,TE,10,380,false,204,176,Late Only,Bench clog risk,3.33,56.44,16,0,,"No reliable Yahoo ADP signal. Treat as a late-round review name, not someone to chase before the board says you need him.","Fair 204, no ADP; Yahoo rank 380, delta +176. Season 3.3 ppg, Week 1 3.3, risk 0.0."
205,Chimere Dike,TEN,WR,9,329,false,205,124,Late Only,Bench clog risk,3.03,57.52,16,0,,"No reliable Yahoo ADP signal. Treat as a late-round review name, not someone to chase before the board says you need him.","Fair 205, no ADP; Yahoo rank 329, delta +124. Season 3.4 ppg, Week 1 3.0, risk 0.0."
206,Darius Slayton,NYG,WR,8,280,false,206,74,Late Only,Bench clog risk,2.93,56.72,16,0,,"No reliable Yahoo ADP signal. Treat as a late-round review name, not someone to chase before the board says you need him.","Fair 206, no ADP; Yahoo rank 280, delta +74. Season 3.3 ppg, Week 1 2.9, risk 0.0."
207,Evan Engram,DEN,TE,10,299,false,207,92,Late Only,Bench clog risk,3.46,61.01,15,0.35,15 projected games,"No reliable Yahoo ADP signal. Treat as a late-round review name, not someone to chase before the board says you need him.","Fair 207, no ADP; Yahoo rank 299, delta +92. Season 3.6 ppg, Week 1 3.5, risk 0.3 (15 projected games)."
208,DeMario Douglas,NE,WR,11,304,false,208,96,Late Only,Bench clog risk,3.25,53.62,16,0,,"No reliable Yahoo ADP signal. Treat as a late-round review name, not someone to chase before the board says you need him.","Fair 208, no ADP; Yahoo rank 304, delta +96. Season 3.2 ppg, Week 1 3.3, risk 0.0."
209,Antonio Williams,WAS,WR,7,236,false,209,27,Late Only,Bench clog risk,2.72,56.27,16,0,,"No reliable Yahoo ADP signal. Treat as a late-round review name, not someone to chase before the board says you need him.","Fair 209, no ADP; Yahoo rank 236, delta +27. Season 3.3 ppg, Week 1 2.7, risk 0.0."
210,Elijah Arroyo,SEA,TE,11,323,false,210,113,Late Only,Bench clog risk,3.07,53.86,16,0,,"No reliable Yahoo ADP signal. Treat as a late-round review name, not someone to chase before the board says you need him.","Fair 210, no ADP; Yahoo rank 323, delta +113. Season 3.2 ppg, Week 1 3.1, risk 0.0."
211,Jaylin Noel,HOU,WR,8,200,false,211,-11,Late Only,Bench clog risk,4.52,74.42,16,1.3,Q; Hamstring,"No reliable Yahoo ADP signal. Treat as a late-round review name, not someone to chase before the board says you need him.","Fair 211, no ADP; Yahoo rank 200, delta -11. Season 4.4 ppg, Week 1 4.5, risk 1.3 (Q; Hamstring)."
212,Kimani Vidal,LAC,RB,7,250,false,212,38,Late Only,Bench clog risk,3.07,52.87,16,0,,"No reliable Yahoo ADP signal. Treat as a late-round review name, not someone to chase before the board says you need him.","Fair 212, no ADP; Yahoo rank 250, delta +38. Season 3.1 ppg, Week 1 3.1, risk 0.0."
213,Troy Franklin,DEN,WR,10,301,false,213,88,Late Only,Bench clog risk,2.82,53.71,16,0,,"No reliable Yahoo ADP signal. Treat as a late-round review name, not someone to chase before the board says you need him.","Fair 213, no ADP; Yahoo rank 301, delta +88. Season 3.2 ppg, Week 1 2.8, risk 0.0."
214,Jahan Dotson,ATL,WR,11,235,false,214,21,Late Only,Bench clog risk,4.01,65.02,12,0.9,12 projected games,"No reliable Yahoo ADP signal. Treat as a late-round review name, not someone to chase before the board says you need him.","Fair 214, no ADP; Yahoo rank 235, delta +21. Season 3.8 ppg, Week 1 4.0, risk 0.9 (12 projected games)."
215,Sean Tucker,TB,RB,10,243,false,215,28,Late Only,Bench clog risk,3.28,48.65,16,0,,"No reliable Yahoo ADP signal. Treat as a late-round review name, not someone to chase before the board says you need him.","Fair 215, no ADP; Yahoo rank 243, delta +28. Season 2.9 ppg, Week 1 3.3, risk 0.0."
216,Isiah Pacheco,DET,RB,6,126.2,true,216,-89.8,Trap,Bench clog risk,4.78,76.08,15,1.65,Q; Knee - MCL; 15 projected games,Do not chase the name or story here; price is ahead of our fair value and the risk/role picture is not clean enough.,"Fair 216, ADP 126, delta -90. Season 4.5 ppg, Week 1 4.8, risk 1.6 (Q; Knee - MCL; 15 projected games)."
217,Charlie Kolar,LAC,TE,7,272,false,217,55,Late Only,Bench clog risk,3.4,45.16,16,0,,"No reliable Yahoo ADP signal. Treat as a late-round review name, not someone to chase before the board says you need him.","Fair 217, no ADP; Yahoo rank 272, delta +55. Season 2.7 ppg, Week 1 3.4, risk 0.0."
218,Elic Ayomanor,TEN,WR,9,315,false,218,97,Late Only,Bench clog risk,2.74,45.65,16,0,,"No reliable Yahoo ADP signal. Treat as a late-round review name, not someone to chase before the board says you need him.","Fair 218, no ADP; Yahoo rank 315, delta +97. Season 2.7 ppg, Week 1 2.7, risk 0.0."
219,Justice Hill,BAL,RB,13,256,false,219,37,Late Only,Bench clog risk,3.83,59.02,12,0.9,12 projected games,"No reliable Yahoo ADP signal. Treat as a late-round review name, not someone to chase before the board says you need him.","Fair 219, no ADP; Yahoo rank 256, delta +37. Season 3.5 ppg, Week 1 3.8, risk 0.9 (12 projected games)."
220,Jake Tonges,SF,TE,8,305,false,220,85,Late Only,Bench clog risk,2.23,47.53,16,0,,"No reliable Yahoo ADP signal. Treat as a late-round review name, not someone to chase before the board says you need him.","Fair 220, no ADP; Yahoo rank 305, delta +85. Season 2.8 ppg, Week 1 2.2, risk 0.0."
221,Olamide Zaccheaus,ATL,WR,11,500,false,221,279,Late Only,Bench clog risk,2.69,43.75,16,0,,"No reliable Yahoo ADP signal. Treat as a late-round review name, not someone to chase before the board says you need him.","Fair 221, no ADP; Yahoo rank 2069, delta +279. Season 2.6 ppg, Week 1 2.7, risk 0.0."
222,Jaydon Blue,DAL,RB,14,167,false,222,-55,Late Only,Bench clog risk,3.37,60.19,12,0.9,12 projected games,"No reliable Yahoo ADP signal. Treat as a late-round review name, not someone to chase before the board says you need him.","Fair 222, no ADP; Yahoo rank 167, delta -55. Season 3.5 ppg, Week 1 3.4, risk 0.9 (12 projected games)."
223,Noah Gray,KC,TE,5,500,false,223,277,Late Only,Bench clog risk,2.66,43.5,16,0,,"No reliable Yahoo ADP signal. Treat as a late-round review name, not someone to chase before the board says you need him.","Fair 223, no ADP; Yahoo rank 2094, delta +277. Season 2.6 ppg, Week 1 2.7, risk 0.0."
224,Xavier Hutchinson,HOU,WR,8,297,false,224,73,Late Only,Bench clog risk,3.31,39.1,16,0,,"No reliable Yahoo ADP signal. Treat as a late-round review name, not someone to chase before the board says you need him.","Fair 224, no ADP; Yahoo rank 297, delta +73. Season 2.3 ppg, Week 1 3.3, risk 0.0."
225,Elijah Sarratt,BAL,WR,13,296,false,225,71,Late Only,Bench clog risk,2.09,46.75,16,0,,"No reliable Yahoo ADP signal. Treat as a late-round review name, not someone to chase before the board says you need him.","Fair 225, no ADP; Yahoo rank 296, delta +71. Season 2.8 ppg, Week 1 2.1, risk 0.0."
226,David Njoku,LAC,TE,7,124.6,true,226,-101.4,Trap,Bench clog risk,3.12,46.17,15,0.35,15 projected games,Do not chase the name or story here; price is ahead of our fair value and the risk/role picture is not clean enough.,"Fair 226, ADP 125, delta -101. Season 2.7 ppg, Week 1 3.1, risk 0.3 (15 projected games)."
227,Ted Hurst III,TB,WR,10,239,false,227,12,Late Only,Bench clog risk,2.89,60.22,12,0.9,12 projected games,"No reliable Yahoo ADP signal. Treat as a late-round review name, not someone to chase before the board says you need him.","Fair 227, no ADP; Yahoo rank 239, delta +12. Season 3.5 ppg, Week 1 2.9, risk 0.9 (12 projected games)."
228,Daniel Bellinger,TEN,TE,9,500,false,228,272,Late Only,Bench clog risk,3.01,38.25,16,0,,"No reliable Yahoo ADP signal. Treat as a late-round review name, not someone to chase before the board says you need him.","Fair 228, no ADP; Yahoo rank 2078, delta +272. Season 2.3 ppg, Week 1 3.0, risk 0.0."
229,Will Kacmarek,MIA,TE,6,500,false,229,271,Late Only,Bench clog risk,2.58,40.86,16,0,,"No reliable Yahoo ADP signal. Treat as a late-round review name, not someone to chase before the board says you need him.","Fair 229, no ADP; Yahoo rank 2236, delta +271. Season 2.4 ppg, Week 1 2.6, risk 0.0."
230,Kendrick Bourne,ARI,WR,14,351,false,230,121,Late Only,Bench clog risk,3.23,57.41,12,0.9,12 projected games,"No reliable Yahoo ADP signal. Treat as a late-round review name, not someone to chase before the board says you need him.","Fair 230, no ADP; Yahoo rank 351, delta +121. Season 3.4 ppg, Week 1 3.2, risk 0.9 (12 projected games)."
231,Emmett Johnson,KC,RB,5,155,false,231,-76,Late Only,Bench clog risk,3.06,57.2,14,0.9,14 projected games,"No reliable Yahoo ADP signal. Treat as a late-round review name, not someone to chase before the board says you need him.","Fair 231, no ADP; Yahoo rank 155, delta -76. Season 3.4 ppg, Week 1 3.1, risk 0.9 (14 projected games)."
232,Nicholas Singleton,TEN,RB,9,194,false,232,-38,Late Only,Bench clog risk,2.53,46.96,15,0.35,15 projected games,"No reliable Yahoo ADP signal. Treat as a late-round review name, not someone to chase before the board says you need him.","Fair 232, no ADP; Yahoo rank 194, delta -38. Season 2.8 ppg, Week 1 2.5, risk 0.3 (15 projected games)."
233,Tyquan Thornton,KC,WR,5,233,false,233,0,Late Only,Bench clog risk,3.6,58.28,8,1.2,8 projected games,"No reliable Yahoo ADP signal. Treat as a late-round review name, not someone to chase before the board says you need him.","Fair 233, no ADP; Yahoo rank 233, delta 0. Season 3.4 ppg, Week 1 3.6, risk 1.2 (8 projected games)."
234,Tank Dell,HOU,WR,8,252,false,234,18,Late Only,Bench clog risk,3.55,94.36,14,2.8,Q; Knee - ACL + MCL; 14 projected games,"No reliable Yahoo ADP signal. Treat as a late-round review name, not someone to chase before the board says you need him.","Fair 234, no ADP; Yahoo rank 252, delta +18. Season 5.6 ppg, Week 1 3.5, risk 2.8 (Q; Knee - ACL + MCL; 14 projected games)."
235,Tory Horton,SEA,WR,11,298,false,235,63,Late Only,Bench clog risk,2.99,60.8,16,1.3,Q; Undisclosed,"No reliable Yahoo ADP signal. Treat as a late-round review name, not someone to chase before the board says you need him.","Fair 235, no ADP; Yahoo rank 298, delta +63. Season 3.6 ppg, Week 1 3.0, risk 1.3 (Q; Undisclosed)."
236,Theo Johnson,NYG,TE,8,316,false,236,80,Late Only,Bench clog risk,3.36,57.28,16,1.3,Q; Undisclosed,"No reliable Yahoo ADP signal. Treat as a late-round review name, not someone to chase before the board says you need him.","Fair 236, no ADP; Yahoo rank 316, delta +80. Season 3.4 ppg, Week 1 3.4, risk 1.3 (Q; Undisclosed)."
237,Kalif Raymond,CHI,WR,10,500,false,237,263,Late Only,Bench clog risk,2.37,32.85,16,0,,"No reliable Yahoo ADP signal. Treat as a late-round review name, not someone to chase before the board says you need him.","Fair 237, no ADP; Yahoo rank 2100, delta +263. Season 1.9 ppg, Week 1 2.4, risk 0.0."
238,MarShawn Lloyd,GB,RB,11,131.5,true,238,-106.5,Trap,Contingent upside,4.01,64.26,4,2.1,Jacobs groin/discipline contingency; own health history; 4 projected games,"Only late. He is a contingency, not a starter you can trust on draft night.","Useful leverage if Jacobs' news worsens, but his own durability and low projection keep the price capped."
239,Geno Smith,NYJ,QB,13,253,false,239,14,Late Only,Playable now,12.87,202.43,15,0.35,15 projected games,"No reliable Yahoo ADP signal. Treat as a late-round review name, not someone to chase before the board says you need him.","Fair 239, no ADP; Yahoo rank 253, delta +14. Season 11.9 ppg, Week 1 12.9, risk 0.3 (15 projected games)."
240,Justin Joly,DEN,TE,10,500,false,240,260,Late Only,Bench clog risk,1.93,34.11,16,0,,"No reliable Yahoo ADP signal. Treat as a late-round review name, not someone to chase before the board says you need him.","Fair 240, no ADP; Yahoo rank 2146, delta +260. Season 2.0 ppg, Week 1 1.9, risk 0.0."
241,Aaron Rodgers,PIT,QB,9,116.3,true,241,-124.7,Trap,Playable now,14.61,203.62,12,0.9,12 projected games,Do not chase the name or story here; price is ahead of our fair value and the risk/role picture is not clean enough.,"Fair 241, ADP 116, delta -125. Season 12.0 ppg, Week 1 14.6, risk 0.9 (12 projected games)."
242,Calvin Austin III,NYG,WR,8,322,false,242,80,Late Only,Bench clog risk,2.16,32.14,16,0,,"No reliable Yahoo ADP signal. Treat as a late-round review name, not someone to chase before the board says you need him.","Fair 242, no ADP; Yahoo rank 322, delta +80. Season 1.9 ppg, Week 1 2.2, risk 0.0."
243,Alvin Kamara,NO,RB,8,126.1,true,243,-116.9,Trap,Bench clog risk,4.04,71.53,12,5,Q; MCL; expected out at least a month; 12 projected games,Not a Week 1 survival pick. Avoid unless extremely late and clearly a stash.,Expected multi-week absence makes him a poor guillotine draft asset before waivers reshape the league.
244,Eli Raridon,NE,TE,11,285,false,244,41,Late Only,Bench clog risk,1.94,33.5,16,0,,"No reliable Yahoo ADP signal. Treat as a late-round review name, not someone to chase before the board says you need him.","Fair 244, no ADP; Yahoo rank 285, delta +41. Season 2.0 ppg, Week 1 1.9, risk 0.0."
245,Noah Fant,NO,TE,8,372,false,245,127,Late Only,Bench clog risk,2.15,32.03,16,0,,"No reliable Yahoo ADP signal. Treat as a late-round review name, not someone to chase before the board says you need him.","Fair 245, no ADP; Yahoo rank 372, delta +127. Season 1.9 ppg, Week 1 2.1, risk 0.0."
246,Marvin Mims Jr.,DEN,WR,10,343,false,246,97,Late Only,Bench clog risk,3.29,54.68,16,1.3,Q; Undisclosed,"No reliable Yahoo ADP signal. Treat as a late-round review name, not someone to chase before the board says you need him.","Fair 246, no ADP; Yahoo rank 343, delta +97. Season 3.2 ppg, Week 1 3.3, risk 1.3 (Q; Undisclosed)."
247,Ja'Tavion Sanders,CAR,TE,5,500,false,247,253,Late Only,Bench clog risk,1.98,32.27,16,0,,"No reliable Yahoo ADP signal. Treat as a late-round review name, not someone to chase before the board says you need him.","Fair 247, no ADP; Yahoo rank 2075, delta +253. Season 1.9 ppg, Week 1 2.0, risk 0.0."
248,Austin Hooper,ATL,TE,11,500,false,248,252,Late Only,Bench clog risk,2.08,31.62,16,0,,"No reliable Yahoo ADP signal. Treat as a late-round review name, not someone to chase before the board says you need him.","Fair 248, no ADP; Yahoo rank 2058, delta +252. Season 1.9 ppg, Week 1 2.1, risk 0.0."
249,Mack Hollins,NE,WR,11,349,false,249,100,Late Only,Bench clog risk,1.6,34.15,16,0,,"No reliable Yahoo ADP signal. Treat as a late-round review name, not someone to chase before the board says you need him.","Fair 249, no ADP; Yahoo rank 349, delta +100. Season 2.0 ppg, Week 1 1.6, risk 0.0."
250,John Metchie III,CAR,WR,5,500,false,250,250,Late Only,Bench clog risk,2.06,30.73,16,0,,"No reliable Yahoo ADP signal. Treat as a late-round review name, not someone to chase before the board says you need him.","Fair 250, no ADP; Yahoo rank 2082, delta +250. Season 1.8 ppg, Week 1 2.1, risk 0.0."
251,Josh Oliver,MIN,TE,6,500,false,251,249,Late Only,Bench clog risk,1.99,31.12,16,0,,"No reliable Yahoo ADP signal. Treat as a late-round review name, not someone to chase before the board says you need him.","Fair 251, no ADP; Yahoo rank 2055, delta +249. Season 1.8 ppg, Week 1 2.0, risk 0.0."
252,Jaylen Wright,MIA,RB,6,279,false,252,27,Late Only,Bench clog risk,2.74,46.48,12,0.9,12 projected games,"No reliable Yahoo ADP signal. Treat as a late-round review name, not someone to chase before the board says you need him.","Fair 252, no ADP; Yahoo rank 279, delta +27. Season 2.7 ppg, Week 1 2.7, risk 0.9 (12 projected games)."
253,Kaelon Black,SF,RB,8,205,false,253,-48,Late Only,Bench clog risk,2.49,46.79,12,0.9,12 projected games,"No reliable Yahoo ADP signal. Treat as a late-round review name, not someone to chase before the board says you need him.","Fair 253, no ADP; Yahoo rank 205, delta -48. Season 2.8 ppg, Week 1 2.5, risk 0.9 (12 projected games)."
254,Eli Stowers,PHI,TE,10,282,false,254,28,Late Only,Bench clog risk,2.81,54.02,16,1.3,Q; Hamstring,"No reliable Yahoo ADP signal. Treat as a late-round review name, not someone to chase before the board says you need him.","Fair 254, no ADP; Yahoo rank 282, delta +28. Season 3.2 ppg, Week 1 2.8, risk 1.3 (Q; Hamstring)."
255,Tommy Tremble,CAR,TE,5,500,false,255,245,Late Only,Bench clog risk,1.86,29.41,16,0,,"No reliable Yahoo ADP signal. Treat as a late-round review name, not someone to chase before the board says you need him.","Fair 255, no ADP; Yahoo rank 2080, delta +245. Season 1.7 ppg, Week 1 1.9, risk 0.0."
256,Adam Trautman,DEN,TE,10,500,false,256,244,Late Only,Bench clog risk,1.87,28.48,16,0,,"No reliable Yahoo ADP signal. Treat as a late-round review name, not someone to chase before the board says you need him.","Fair 256, no ADP; Yahoo rank 2088, delta +244. Season 1.7 ppg, Week 1 1.9, risk 0.0."
257,Brock Wright,DET,TE,6,500,false,257,243,Late Only,Bench clog risk,2.03,26.78,16,0,,"No reliable Yahoo ADP signal. Treat as a late-round review name, not someone to chase before the board says you need him.","Fair 257, no ADP; Yahoo rank 2059, delta +243. Season 1.6 ppg, Week 1 2.0, risk 0.0."
258,Demond Claiborne,MIN,RB,6,207,false,258,-51,Late Only,Bench clog risk,1.86,27.65,16,0,,"No reliable Yahoo ADP signal. Treat as a late-round review name, not someone to chase before the board says you need him.","Fair 258, no ADP; Yahoo rank 207, delta -51. Season 1.6 ppg, Week 1 1.9, risk 0.0."
259,Tyler Higbee,LAR,TE,11,288,false,259,29,Late Only,Bench clog risk,2.09,34.35,15,0.35,15 projected games,"No reliable Yahoo ADP signal. Treat as a late-round review name, not someone to chase before the board says you need him.","Fair 259, no ADP; Yahoo rank 288, delta +29. Season 2.0 ppg, Week 1 2.1, risk 0.3 (15 projected games)."
260,Isaiah Davis,NYJ,RB,13,214,false,260,-46,Late Only,Bench clog risk,3.35,48.41,16,1.3,Q; Knee,"No reliable Yahoo ADP signal. Treat as a late-round review name, not someone to chase before the board says you need him.","Fair 260, no ADP; Yahoo rank 214, delta -46. Season 2.8 ppg, Week 1 3.4, risk 1.3 (Q; Knee)."
261,Hollywood Brown,PHI,WR,10,350,false,261,89,Late Only,Bench clog risk,2.49,43.96,14,0.9,14 projected games,"No reliable Yahoo ADP signal. Treat as a late-round review name, not someone to chase before the board says you need him.","Fair 261, no ADP; Yahoo rank 350, delta +89. Season 2.6 ppg, Week 1 2.5, risk 0.9 (14 projected games)."
262,Max Klare,LAR,TE,11,500,false,262,238,Late Only,Bench clog risk,1.36,30.07,16,0,,"No reliable Yahoo ADP signal. Treat as a late-round review name, not someone to chase before the board says you need him.","Fair 262, no ADP; Yahoo rank 2185, delta +238. Season 1.8 ppg, Week 1 1.4, risk 0.0."
263,Ty Johnson,BUF,RB,7,321,false,263,58,Late Only,Bench clog risk,3,49.84,16,1.3,Q; Lower Leg,"No reliable Yahoo ADP signal. Treat as a late-round review name, not someone to chase before the board says you need him.","Fair 263, no ADP; Yahoo rank 321, delta +58. Season 2.9 ppg, Week 1 3.0, risk 1.3 (Q; Lower Leg)."
264,Roman Wilson,PIT,WR,9,347,false,264,83,Late Only,Bench clog risk,2.65,42.5,12,0.9,12 projected games,"No reliable Yahoo ADP signal. Treat as a late-round review name, not someone to chase before the board says you need him.","Fair 264, no ADP; Yahoo rank 347, delta +83. Season 2.5 ppg, Week 1 2.6, risk 0.9 (12 projected games)."
265,Marlin Klein,HOU,TE,8,500,false,265,235,Late Only,Bench clog risk,1.77,26.99,16,0,,"No reliable Yahoo ADP signal. Treat as a late-round review name, not someone to chase before the board says you need him.","Fair 265, no ADP; Yahoo rank 2235, delta +235. Season 1.6 ppg, Week 1 1.8, risk 0.0."
266,Cyrus Allen,KC,WR,5,174,false,266,-92,Late Only,Bench clog risk,2.44,63.04,8,1.8,8 projected games,"No reliable Yahoo ADP signal. Treat as a late-round review name, not someone to chase before the board says you need him.","Fair 266, no ADP; Yahoo rank 174, delta -92. Season 3.7 ppg, Week 1 2.4, risk 1.8 (8 projected games)."
267,Jackson Hawes,BUF,TE,7,500,false,267,233,Late Only,Bench clog risk,1.59,26.43,16,0,,"No reliable Yahoo ADP signal. Treat as a late-round review name, not someone to chase before the board says you need him.","Fair 267, no ADP; Yahoo rank 2085, delta +233. Season 1.6 ppg, Week 1 1.6, risk 0.0."
268,Isaiah Bond,CLE,WR,11,320,false,268,52,Late Only,Bench clog risk,2.08,43.99,12,0.9,12 projected games,"No reliable Yahoo ADP signal. Treat as a late-round review name, not someone to chase before the board says you need him.","Fair 268, no ADP; Yahoo rank 320, delta +52. Season 2.6 ppg, Week 1 2.1, risk 0.9 (12 projected games)."
269,Devontez Walker,BAL,WR,13,500,false,269,231,Late Only,Bench clog risk,2.56,40.17,12,0.9,12 projected games,"No reliable Yahoo ADP signal. Treat as a late-round review name, not someone to chase before the board says you need him.","Fair 269, no ADP; Yahoo rank 2076, delta +231. Season 2.4 ppg, Week 1 2.6, risk 0.9 (12 projected games)."
270,Chris Bell,MIA,WR,6,264,false,270,-6,Late Only,Bench clog risk,2.29,55.64,12,1.5,12 projected games,"No reliable Yahoo ADP signal. Treat as a late-round review name, not someone to chase before the board says you need him.","Fair 270, no ADP; Yahoo rank 264, delta -6. Season 3.3 ppg, Week 1 2.3, risk 1.5 (12 projected games)."
271,Kaytron Allen,WAS,RB,7,229,false,271,-42,Late Only,Bench clog risk,1.96,43.55,12,0.9,12 projected games,"No reliable Yahoo ADP signal. Treat as a late-round review name, not someone to chase before the board says you need him.","Fair 271, no ADP; Yahoo rank 229, delta -42. Season 2.6 ppg, Week 1 2.0, risk 0.9 (12 projected games)."
272,Drew Sample,CIN,TE,6,500,false,272,228,Late Only,Bench clog risk,1.52,23.98,16,0,,"No reliable Yahoo ADP signal. Treat as a late-round review name, not someone to chase before the board says you need him.","Fair 272, no ADP; Yahoo rank 2263, delta +228. Season 1.4 ppg, Week 1 1.5, risk 0.0."
273,Savion Williams,GB,WR,11,344,false,273,71,Late Only,Bench clog risk,2.49,38.61,12,0.9,12 projected games,"No reliable Yahoo ADP signal. Treat as a late-round review name, not someone to chase before the board says you need him.","Fair 273, no ADP; Yahoo rank 344, delta +71. Season 2.3 ppg, Week 1 2.5, risk 0.9 (12 projected games)."
274,CJ Daniels,LAR,WR,11,342,false,274,68,Late Only,Bench clog risk,1.4,23.81,16,0,,"No reliable Yahoo ADP signal. Treat as a late-round review name, not someone to chase before the board says you need him.","Fair 274, no ADP; Yahoo rank 342, delta +68. Season 1.4 ppg, Week 1 1.4, risk 0.0."
275,Jack Endries,CIN,TE,6,500,false,275,225,Late Only,Bench clog risk,1.28,37.99,16,0.6,,"No reliable Yahoo ADP signal. Treat as a late-round review name, not someone to chase before the board says you need him.","Fair 275, no ADP; Yahoo rank 2205, delta +225. Season 2.2 ppg, Week 1 1.3, risk 0.6."
276,Jalen Tolbert,MIA,WR,6,353,false,276,77,Late Only,Bench clog risk,2.78,41.98,8,1.2,8 projected games,"No reliable Yahoo ADP signal. Treat as a late-round review name, not someone to chase before the board says you need him.","Fair 276, no ADP; Yahoo rank 353, delta +77. Season 2.5 ppg, Week 1 2.8, risk 1.2 (8 projected games)."
277,Xavier Legette,CAR,WR,5,276,false,277,-1,Late Only,Bench clog risk,3.47,60.18,14,2.2,Q; Ankle; 14 projected games,"No reliable Yahoo ADP signal. Treat as a late-round review name, not someone to chase before the board says you need him.","Fair 277, no ADP; Yahoo rank 276, delta -1. Season 3.5 ppg, Week 1 3.5, risk 2.2 (Q; Ankle; 14 projected games)."
278,Mitchell Evans,CAR,TE,5,500,false,278,222,Late Only,Bench clog risk,1.4,21.69,16,0,,"No reliable Yahoo ADP signal. Treat as a late-round review name, not someone to chase before the board says you need him.","Fair 278, no ADP; Yahoo rank 2096, delta +222. Season 1.3 ppg, Week 1 1.4, risk 0.0."
279,George Holani,SEA,RB,11,209,false,279,-70,Late Only,Bench clog risk,2.43,35.93,12,0.9,12 projected games,"No reliable Yahoo ADP signal. Treat as a late-round review name, not someone to chase before the board says you need him.","Fair 279, no ADP; Yahoo rank 209, delta -70. Season 2.1 ppg, Week 1 2.4, risk 0.9 (12 projected games)."
280,Greg Dortch,DET,WR,6,500,false,280,220,Late Only,Bench clog risk,2.33,35.8,12,0.9,12 projected games,"No reliable Yahoo ADP signal. Treat as a late-round review name, not someone to chase before the board says you need him.","Fair 280, no ADP; Yahoo rank 2061, delta +220. Season 2.1 ppg, Week 1 2.3, risk 0.9 (12 projected games)."
281,Chris Brooks,GB,RB,11,295,false,281,14,Late Only,Bench clog risk,1.82,38.97,14,0.9,14 projected games,"No reliable Yahoo ADP signal. Treat as a late-round review name, not someone to chase before the board says you need him.","Fair 281, no ADP; Yahoo rank 295, delta +14. Season 2.3 ppg, Week 1 1.8, risk 0.9 (14 projected games)."
282,Keon Coleman,BUF,WR,7,268,false,282,-14,Late Only,Bench clog risk,3.25,60.08,12,2.2,Q; Foot; 12 projected games,"No reliable Yahoo ADP signal. Treat as a late-round review name, not someone to chase before the board says you need him.","Fair 282, no ADP; Yahoo rank 268, delta -14. Season 3.5 ppg, Week 1 3.3, risk 2.2 (Q; Foot; 12 projected games)."
283,Treylon Burks,WAS,WR,7,291,false,283,8,Late Only,Bench clog risk,1.98,37.54,14,0.9,14 projected games,"No reliable Yahoo ADP signal. Treat as a late-round review name, not someone to chase before the board says you need him.","Fair 283, no ADP; Yahoo rank 291, delta +8. Season 2.2 ppg, Week 1 2.0, risk 0.9 (14 projected games)."
284,Erick All Jr.,CIN,TE,6,318,false,284,34,Late Only,Bench clog risk,2.9,52.43,0,1.8,,"No reliable Yahoo ADP signal. Treat as a late-round review name, not someone to chase before the board says you need him.","Fair 284, no ADP; Yahoo rank 318, delta +34. Season 3.1 ppg, Week 1 2.9, risk 1.8."
285,Jordyn Tyson,NO,WR,8,94,true,285,-191,Trap,Bench clog risk,4.07,102.1,11,5,D; Hamstring; expected to miss about two months; 11 projected games,"Do not draft for Week 1 survival. This is a stash profile, not a starter.",NFL.com reported an approximately two-month absence; ADP has to crater before he becomes rational.
286,Oscar Delp,NO,TE,8,327,false,286,41,Late Only,Bench clog risk,2.05,35.38,12,0.9,12 projected games,"No reliable Yahoo ADP signal. Treat as a late-round review name, not someone to chase before the board says you need him.","Fair 286, no ADP; Yahoo rank 327, delta +41. Season 2.1 ppg, Week 1 2.0, risk 0.9 (12 projected games)."
287,Nate Boerkircher,JAX,TE,7,500,false,287,213,Late Only,Bench clog risk,1.09,20.2,16,0,,"No reliable Yahoo ADP signal. Treat as a late-round review name, not someone to chase before the board says you need him.","Fair 287, no ADP; Yahoo rank 2164, delta +213. Season 1.2 ppg, Week 1 1.1, risk 0.0."
288,Sam Roush,CHI,TE,10,500,false,288,212,Late Only,Bench clog risk,1.13,19.13,16,0,,"No reliable Yahoo ADP signal. Treat as a late-round review name, not someone to chase before the board says you need him.","Fair 288, no ADP; Yahoo rank 2153, delta +212. Season 1.1 ppg, Week 1 1.1, risk 0.0."
289,Joshua Palmer,BUF,WR,7,307,false,289,18,Late Only,Bench clog risk,1.97,34.29,12,0.9,12 projected games,"No reliable Yahoo ADP signal. Treat as a late-round review name, not someone to chase before the board says you need him.","Fair 289, no ADP; Yahoo rank 307, delta +18. Season 2.0 ppg, Week 1 2.0, risk 0.9 (12 projected games)."
290,Najee Harris,NYG,RB,8,210,false,290,-80,Late Only,Bench clog risk,2.11,32.94,14,0.9,14 projected games,"No reliable Yahoo ADP signal. Treat as a late-round review name, not someone to chase before the board says you need him.","Fair 290, no ADP; Yahoo rank 210, delta -80. Season 1.9 ppg, Week 1 2.1, risk 0.9 (14 projected games)."
291,Emanuel Wilson,SEA,RB,11,281,false,291,-10,Late Only,Bench clog risk,2.11,40.96,16,1.3,Q; Hamstring,"No reliable Yahoo ADP signal. Treat as a late-round review name, not someone to chase before the board says you need him.","Fair 291, no ADP; Yahoo rank 281, delta -10. Season 2.4 ppg, Week 1 2.1, risk 1.3 (Q; Hamstring)."
292,Bryce Lance,NO,WR,8,278,false,292,-14,Late Only,Bench clog risk,1.82,32.9,14,0.9,14 projected games,"No reliable Yahoo ADP signal. Treat as a late-round review name, not someone to chase before the board says you need him.","Fair 292, no ADP; Yahoo rank 278, delta -14. Season 1.9 ppg, Week 1 1.8, risk 0.9 (14 projected games)."
293,Elijah Higgins,ARI,TE,14,500,false,293,207,Late Only,Bench clog risk,2.29,38.69,16,1.3,Q; Concussion,"No reliable Yahoo ADP signal. Treat as a late-round review name, not someone to chase before the board says you need him.","Fair 293, no ADP; Yahoo rank 2103, delta +207. Season 2.3 ppg, Week 1 2.3, risk 1.3 (Q; Concussion)."
294,Jacoby Brissett,ARI,QB,14,216,false,294,-78,Late Only,Stash only,13.35,194.81,11,1.2,11 projected games,"No reliable Yahoo ADP signal. Treat as a late-round review name, not someone to chase before the board says you need him.","Fair 294, no ADP; Yahoo rank 216, delta -78. Season 11.5 ppg, Week 1 13.3, risk 1.2 (11 projected games)."
295,Seth McGowan,IND,RB,13,258,false,295,-37,Late Only,Bench clog risk,1.78,32.42,12,0.9,12 projected games,"No reliable Yahoo ADP signal. Treat as a late-round review name, not someone to chase before the board says you need him.","Fair 295, no ADP; Yahoo rank 258, delta -37. Season 1.9 ppg, Week 1 1.8, risk 0.9 (12 projected games)."
296,LeQuint Allen Jr.,JAX,RB,7,334,false,296,38,Late Only,Bench clog risk,2.05,39.8,16,1.3,Q; Undisclosed,"No reliable Yahoo ADP signal. Treat as a late-round review name, not someone to chase before the board says you need him.","Fair 296, no ADP; Yahoo rank 334, delta +38. Season 2.3 ppg, Week 1 2.0, risk 1.3 (Q; Undisclosed)."
297,Kyle Williams,NE,WR,11,348,false,297,51,Late Only,Bench clog risk,1.1,28.36,16,0.6,,"No reliable Yahoo ADP signal. Treat as a late-round review name, not someone to chase before the board says you need him.","Fair 297, no ADP; Yahoo rank 348, delta +51. Season 1.7 ppg, Week 1 1.1, risk 0.6."
298,Zavion Thomas,CHI,WR,10,345,false,298,47,Late Only,Bench clog risk,2.1,35.27,8,1.2,8 projected games,"No reliable Yahoo ADP signal. Treat as a late-round review name, not someone to chase before the board says you need him.","Fair 298, no ADP; Yahoo rank 345, delta +47. Season 2.1 ppg, Week 1 2.1, risk 1.2 (8 projected games)."
299,Emari Demercado,KC,RB,5,328,false,299,29,Late Only,Bench clog risk,1.76,30.09,12,0.9,12 projected games,"No reliable Yahoo ADP signal. Treat as a late-round review name, not someone to chase before the board says you need him.","Fair 299, no ADP; Yahoo rank 328, delta +29. Season 1.8 ppg, Week 1 1.8, risk 0.9 (12 projected games)."
300,Brashard Smith,KC,RB,5,354,false,300,54,Late Only,Bench clog risk,1.55,31.02,12,0.9,12 projected games,"No reliable Yahoo ADP signal. Treat as a late-round review name, not someone to chase before the board says you need him.","Fair 300, no ADP; Yahoo rank 354, delta +54. Season 1.8 ppg, Week 1 1.6, risk 0.9 (12 projected games)."
301,Zach Charbonnet,SEA,RB,11,129.4,true,301,-171.6,Trap,Bench clog risk,5.19,95.36,10,4.7,PUP; Knee - ACL; 10 projected games,Do not chase the name or story here; price is ahead of our fair value and the risk/role picture is not clean enough.,"Fair 301, ADP 129, delta -172. Season 5.6 ppg, Week 1 5.2, risk 4.7 (PUP; Knee - ACL; 10 projected games)."
302,Ben Sinnott,WAS,TE,7,500,false,302,198,Late Only,Bench clog risk,1.48,29.69,14,0.9,14 projected games,"No reliable Yahoo ADP signal. Treat as a late-round review name, not someone to chase before the board says you need him.","Fair 302, no ADP; Yahoo rank 2099, delta +198. Season 1.7 ppg, Week 1 1.5, risk 0.9 (14 projected games)."
303,Tutu Atwell,MIA,WR,6,500,false,303,197,Late Only,Bench clog risk,2.14,32.47,8,1.2,8 projected games,"No reliable Yahoo ADP signal. Treat as a late-round review name, not someone to chase before the board says you need him.","Fair 303, no ADP; Yahoo rank 2111, delta +197. Season 1.9 ppg, Week 1 2.1, risk 1.2 (8 projected games)."
304,Jahdae Walker,CHI,WR,10,500,false,304,196,Late Only,Bench clog risk,1.78,27.13,12,0.9,12 projected games,"No reliable Yahoo ADP signal. Treat as a late-round review name, not someone to chase before the board says you need him.","Fair 304, no ADP; Yahoo rank 2097, delta +196. Season 1.6 ppg, Week 1 1.8, risk 0.9 (12 projected games)."
305,Jeremy Ruckert,NYJ,TE,13,500,false,305,195,Late Only,Bench clog risk,0.77,10.77,16,0,,"No reliable Yahoo ADP signal. Treat as a late-round review name, not someone to chase before the board says you need him.","Fair 305, no ADP; Yahoo rank 2248, delta +195. Season 0.6 ppg, Week 1 0.8, risk 0.0."
306,Demarcus Robinson,SF,WR,8,500,false,306,194,Late Only,Bench clog risk,1.78,25.09,12,0.9,12 projected games,"No reliable Yahoo ADP signal. Treat as a late-round review name, not someone to chase before the board says you need him.","Fair 306, no ADP; Yahoo rank 2091, delta +194. Season 1.5 ppg, Week 1 1.8, risk 0.9 (12 projected games)."
307,Jordan James,SF,RB,8,294,false,307,-13,Late Only,Bench clog risk,2.38,51.37,12,2.2,Q; Ribs; 12 projected games,"No reliable Yahoo ADP signal. Treat as a late-round review name, not someone to chase before the board says you need him.","Fair 307, no ADP; Yahoo rank 294, delta -13. Season 3.0 ppg, Week 1 2.4, risk 2.2 (Q; Ribs; 12 projected games)."
308,Trevor Etienne,CAR,RB,5,336,false,308,28,Late Only,Bench clog risk,1.4,26.55,12,0.9,12 projected games,"No reliable Yahoo ADP signal. Treat as a late-round review name, not someone to chase before the board says you need him.","Fair 308, no ADP; Yahoo rank 336, delta +28. Season 1.6 ppg, Week 1 1.4, risk 0.9 (12 projected games)."
309,Tahj Brooks,CIN,RB,6,261,false,309,-48,Late Only,Bench clog risk,1.67,23.24,12,0.9,12 projected games,"No reliable Yahoo ADP signal. Treat as a late-round review name, not someone to chase before the board says you need him.","Fair 309, no ADP; Yahoo rank 261, delta -48. Season 1.4 ppg, Week 1 1.7, risk 0.9 (12 projected games)."
310,Malik Davis,DAL,RB,14,311,false,310,1,Late Only,Bench clog risk,1.51,23.92,12,0.9,12 projected games,"No reliable Yahoo ADP signal. Treat as a late-round review name, not someone to chase before the board says you need him.","Fair 310, no ADP; Yahoo rank 311, delta +1. Season 1.4 ppg, Week 1 1.5, risk 0.9 (12 projected games)."
311,Jordan Whittington,LAR,WR,11,355,false,311,44,Late Only,Bench clog risk,1.28,24.77,12,0.9,12 projected games,"No reliable Yahoo ADP signal. Treat as a late-round review name, not someone to chase before the board says you need him.","Fair 311, no ADP; Yahoo rank 355, delta +44. Season 1.5 ppg, Week 1 1.3, risk 0.9 (12 projected games)."
312,David Sills V,TB,WR,10,500,false,312,188,Late Only,Bench clog risk,0.38,22.4,16,0.6,,"No reliable Yahoo ADP signal. Treat as a late-round review name, not someone to chase before the board says you need him.","Fair 312, no ADP; Yahoo rank 2246, delta +188. Season 1.3 ppg, Week 1 0.4, risk 0.6."
313,Seydou Traore,MIA,TE,6,500,false,313,187,Late Only,Bench clog risk,0.54,6.27,16,0,,"No reliable Yahoo ADP signal. Treat as a late-round review name, not someone to chase before the board says you need him.","Fair 313, no ADP; Yahoo rank 2237, delta +187. Season 0.4 ppg, Week 1 0.5, risk 0.0."
314,Tez Johnson,TB,WR,10,500,false,314,186,Late Only,Bench clog risk,2.17,34.23,15,1.65,Q; Groin; 15 projected games,"No reliable Yahoo ADP signal. Treat as a late-round review name, not someone to chase before the board says you need him.","Fair 314, no ADP; Yahoo rank 2077, delta +186. Season 2.0 ppg, Week 1 2.2, risk 1.6 (Q; Groin; 15 projected games)."
315,Mo Alie-Cox,IND,TE,13,500,false,315,185,Late Only,Bench clog risk,1.44,21.09,12,0.9,12 projected games,"No reliable Yahoo ADP signal. Treat as a late-round review name, not someone to chase before the board says you need him.","Fair 315, no ADP; Yahoo rank 2256, delta +185. Season 1.2 ppg, Week 1 1.4, risk 0.9 (12 projected games)."
316,Matt Hibner,BAL,TE,13,500,false,316,184,Late Only,Bench clog risk,1.25,20.62,14,0.9,14 projected games,"No reliable Yahoo ADP signal. Treat as a late-round review name, not someone to chase before the board says you need him.","Fair 316, no ADP; Yahoo rank 2157, delta +184. Season 1.2 ppg, Week 1 1.3, risk 0.9 (14 projected games)."
317,Skyler Bell,BUF,WR,7,310,false,317,-7,Late Only,Bench clog risk,1.54,40.95,16,1.9,Q; Lower Body,"No reliable Yahoo ADP signal. Treat as a late-round review name, not someone to chase before the board says you need him.","Fair 317, no ADP; Yahoo rank 310, delta -7. Season 2.4 ppg, Week 1 1.5, risk 1.9 (Q; Lower Body)."
318,Tanner Koziol,JAX,TE,7,500,false,318,182,Late Only,Bench clog risk,0.97,20.63,12,0.9,12 projected games,"No reliable Yahoo ADP signal. Treat as a late-round review name, not someone to chase before the board says you need him.","Fair 318, no ADP; Yahoo rank 2159, delta +182. Season 1.2 ppg, Week 1 1.0, risk 0.9 (12 projected games)."
319,Luke McCaffrey,WAS,WR,7,324,false,319,5,Late Only,Bench clog risk,1.21,25.77,8,1.2,8 projected games,"No reliable Yahoo ADP signal. Treat as a late-round review name, not someone to chase before the board says you need him.","Fair 319, no ADP; Yahoo rank 324, delta +5. Season 1.5 ppg, Week 1 1.2, risk 1.2 (8 projected games)."
320,Tanner Hudson,CIN,TE,6,500,false,320,180,Late Only,Bench clog risk,1.23,18.43,12,0.9,12 projected games,"No reliable Yahoo ADP signal. Treat as a late-round review name, not someone to chase before the board says you need him.","Fair 320, no ADP; Yahoo rank 2073, delta +180. Season 1.1 ppg, Week 1 1.2, risk 0.9 (12 projected games)."
321,Joe Royer,CLE,TE,11,500,false,321,179,Late Only,Bench clog risk,1.27,27.36,16,1.3,Q; Personal,"No reliable Yahoo ADP signal. Treat as a late-round review name, not someone to chase before the board says you need him.","Fair 321, no ADP; Yahoo rank 2234, delta +179. Season 1.6 ppg, Week 1 1.3, risk 1.3 (Q; Personal)."
322,Chris Manhertz,NYG,TE,8,500,false,322,178,Late Only,Bench clog risk,0.27,3.05,16,0,,"No reliable Yahoo ADP signal. Treat as a late-round review name, not someone to chase before the board says you need him.","Fair 322, no ADP; Yahoo rank 2254, delta +178. Season 0.2 ppg, Week 1 0.3, risk 0.0."
323,Tyler Conklin,DET,TE,6,500,false,323,177,Late Only,Bench clog risk,0.26,3.11,16,0,,"No reliable Yahoo ADP signal. Treat as a late-round review name, not someone to chase before the board says you need him.","Fair 323, no ADP; Yahoo rank 2090, delta +177. Season 0.2 ppg, Week 1 0.3, risk 0.0."
324,James Conner,ARI,RB,14,125.9,true,324,-198.1,Trap,Bench clog risk,2.26,41.1,14,2.2,Q; Foot; 14 projected games,Do not chase the name or story here; price is ahead of our fair value and the risk/role picture is not clean enough.,"Fair 324, ADP 126, delta -198. Season 2.4 ppg, Week 1 2.3, risk 2.2 (Q; Foot; 14 projected games)."
325,Ashton Dulin,IND,WR,13,309,false,325,-16,Late Only,Bench clog risk,1.72,21.06,8,1.2,8 projected games,"No reliable Yahoo ADP signal. Treat as a late-round review name, not someone to chase before the board says you need him.","Fair 325, no ADP; Yahoo rank 309, delta -16. Season 1.2 ppg, Week 1 1.7, risk 1.2 (8 projected games)."
326,Foster Moreau,HOU,TE,8,500,false,326,174,Late Only,Bench clog risk,1.03,16.96,12,0.9,12 projected games,"No reliable Yahoo ADP signal. Treat as a late-round review name, not someone to chase before the board says you need him.","Fair 326, no ADP; Yahoo rank 2259, delta +174. Season 1.0 ppg, Week 1 1.0, risk 0.9 (12 projected games)."
327,Colbie Young,CIN,WR,6,341,false,327,14,Late Only,Bench clog risk,2.09,31.2,0,1.8,,"No reliable Yahoo ADP signal. Treat as a late-round review name, not someone to chase before the board says you need him.","Fair 327, no ADP; Yahoo rank 341, delta +14. Season 1.8 ppg, Week 1 2.1, risk 1.8."
328,Devin Singletary,NYG,RB,8,339,false,328,11,Late Only,Bench clog risk,1.04,15.18,12,0.9,12 projected games,"No reliable Yahoo ADP signal. Treat as a late-round review name, not someone to chase before the board says you need him.","Fair 328, no ADP; Yahoo rank 339, delta +11. Season 0.9 ppg, Week 1 1.0, risk 0.9 (12 projected games)."
329,Ollie Gordon II,MIA,RB,6,225,false,329,-104,Late Only,Bench clog risk,2.43,35.68,12,2.2,Q; Ribs; 12 projected games,"No reliable Yahoo ADP signal. Treat as a late-round review name, not someone to chase before the board says you need him.","Fair 329, no ADP; Yahoo rank 225, delta -104. Season 2.1 ppg, Week 1 2.4, risk 2.2 (Q; Ribs; 12 projected games)."
330,Brenen Thompson,LAC,WR,7,314,false,330,-16,Late Only,Bench clog risk,2.08,36.85,12,2.2,Q; Undisclosed; 12 projected games,"No reliable Yahoo ADP signal. Treat as a late-round review name, not someone to chase before the board says you need him.","Fair 330, no ADP; Yahoo rank 314, delta -16. Season 2.2 ppg, Week 1 2.1, risk 2.2 (Q; Undisclosed; 12 projected games)."
331,DJ Giddens,IND,RB,13,262,false,331,-69,Late Only,Bench clog risk,2.05,36.89,12,2.2,Q; Hamstring; 12 projected games,"No reliable Yahoo ADP signal. Treat as a late-round review name, not someone to chase before the board says you need him.","Fair 331, no ADP; Yahoo rank 262, delta -69. Season 2.2 ppg, Week 1 2.0, risk 2.2 (Q; Hamstring; 12 projected games)."
332,Grant Calcaterra,PHI,TE,10,500,false,332,168,Late Only,Bench clog risk,1.31,19.84,16,1.3,Q; Back,"No reliable Yahoo ADP signal. Treat as a late-round review name, not someone to chase before the board says you need him.","Fair 332, no ADP; Yahoo rank 2249, delta +168. Season 1.2 ppg, Week 1 1.3, risk 1.3 (Q; Back)."
333,Michael Trigg,DAL,TE,14,500,false,333,167,Late Only,Bench clog risk,1.03,20.02,16,1.3,Q; Toe,"No reliable Yahoo ADP signal. Treat as a late-round review name, not someone to chase before the board says you need him.","Fair 333, no ADP; Yahoo rank 2167, delta +167. Season 1.2 ppg, Week 1 1.0, risk 1.3 (Q; Toe)."
334,M. Valdes-Scantling,DAL,WR,14,500,false,334,166,Late Only,Bench clog risk,0.55,12.78,12,0.9,12 projected games,"No reliable Yahoo ADP signal. Treat as a late-round review name, not someone to chase before the board says you need him.","Fair 334, no ADP; Yahoo rank 2122, delta +166. Season 0.8 ppg, Week 1 0.6, risk 0.9 (12 projected games)."
335,Dyami Brown,WAS,WR,7,500,false,335,165,Late Only,Bench clog risk,0.84,17.31,8,1.2,8 projected games,"No reliable Yahoo ADP signal. Treat as a late-round review name, not someone to chase before the board says you need him.","Fair 335, no ADP; Yahoo rank 2124, delta +165. Season 1.0 ppg, Week 1 0.8, risk 1.2 (8 projected games)."
336,Lil'Jordan Humphrey,DEN,WR,10,500,false,336,164,Late Only,Bench clog risk,1.15,14.97,8,1.2,8 projected games,"No reliable Yahoo ADP signal. Treat as a late-round review name, not someone to chase before the board says you need him.","Fair 336, no ADP; Yahoo rank 2093, delta +164. Season 0.9 ppg, Week 1 1.1, risk 1.2 (8 projected games)."
337,Adam Randall,BAL,RB,13,230,false,337,-107,Late Only,Bench clog risk,1.55,33.95,12,2.2,Q; Undisclosed; 12 projected games,"No reliable Yahoo ADP signal. Treat as a late-round review name, not someone to chase before the board says you need him.","Fair 337, no ADP; Yahoo rank 230, delta -107. Season 2.0 ppg, Week 1 1.6, risk 2.2 (Q; Undisclosed; 12 projected games)."
338,Josh Whyle,GB,TE,11,500,false,338,162,Late Only,Bench clog risk,0.87,14.08,8,1.2,8 projected games,"No reliable Yahoo ADP signal. Treat as a late-round review name, not someone to chase before the board says you need him.","Fair 338, no ADP; Yahoo rank 2253, delta +162. Season 0.8 ppg, Week 1 0.9, risk 1.2 (8 projected games)."
339,Malik Benson,LV,WR,13,306,false,339,-33,Late Only,Bench clog risk,1.43,37.9,0,2.4,,"No reliable Yahoo ADP signal. Treat as a late-round review name, not someone to chase before the board says you need him.","Fair 339, no ADP; Yahoo rank 306, delta -33. Season 2.2 ppg, Week 1 1.4, risk 2.4."
340,Tim Patrick,NYJ,WR,13,500,false,340,160,Late Only,Bench clog risk,0.8,13.9,8,1.2,8 projected games,"No reliable Yahoo ADP signal. Treat as a late-round review name, not someone to chase before the board says you need him.","Fair 340, no ADP; Yahoo rank 2102, delta +160. Season 0.8 ppg, Week 1 0.8, risk 1.2 (8 projected games)."
341,Ian Thomas,LV,TE,13,500,false,341,159,Late Only,Bench clog risk,0.53,8.34,12,0.9,12 projected games,"No reliable Yahoo ADP signal. Treat as a late-round review name, not someone to chase before the board says you need him.","Fair 341, no ADP; Yahoo rank 2251, delta +159. Season 0.5 ppg, Week 1 0.5, risk 0.9 (12 projected games)."
342,Nate Adkins,DEN,TE,10,500,false,342,158,Late Only,Bench clog risk,0.78,13.34,8,1.2,8 projected games,"No reliable Yahoo ADP signal. Treat as a late-round review name, not someone to chase before the board says you need him.","Fair 342, no ADP; Yahoo rank 2266, delta +158. Season 0.8 ppg, Week 1 0.8, risk 1.2 (8 projected games)."
343,Lance Mason,PIT,TE,9,500,false,343,157,Late Only,Bench clog risk,0,25.1,12,1.5,12 projected games,"No reliable Yahoo ADP signal. Treat as a late-round review name, not someone to chase before the board says you need him.","Fair 343, no ADP; Yahoo rank 2134, delta +157. Season 1.5 ppg, Week 1 0.0, risk 1.5 (12 projected games)."
344,Van Jefferson,WAS,WR,7,500,false,344,156,Late Only,Bench clog risk,0.08,3.42,16,0.6,,"No reliable Yahoo ADP signal. Treat as a late-round review name, not someone to chase before the board says you need him.","Fair 344, no ADP; Yahoo rank 2095, delta +156. Season 0.2 ppg, Week 1 0.1, risk 0.6."
345,Kaleb Johnson,PIT,RB,9,337,false,345,-8,Late Only,Bench clog risk,0.64,18.25,14,1.5,14 projected games,"No reliable Yahoo ADP signal. Treat as a late-round review name, not someone to chase before the board says you need him.","Fair 345, no ADP; Yahoo rank 337, delta -8. Season 1.1 ppg, Week 1 0.6, risk 1.5 (14 projected games)."
346,Fernando Mendoza,LV,QB,13,120,true,346,-226,Trap,Bench clog risk,8.34,182.88,14,0.9,14 projected games,Do not chase the name or story here; price is ahead of our fair value and the risk/role picture is not clean enough.,"Fair 346, ADP 120, delta -226. Season 10.8 ppg, Week 1 8.3, risk 0.9 (14 projected games)."
347,Isaiah Hodgins,NYG,WR,8,500,false,347,153,Late Only,Bench clog risk,0.31,5.48,12,0.9,12 projected games,"No reliable Yahoo ADP signal. Treat as a late-round review name, not someone to chase before the board says you need him.","Fair 347, no ADP; Yahoo rank 2252, delta +153. Season 0.3 ppg, Week 1 0.3, risk 0.9 (12 projected games)."
348,Kevin Austin Jr.,NO,WR,8,500,false,348,152,Late Only,Bench clog risk,0.6,3.59,12,0.9,12 projected games,"No reliable Yahoo ADP signal. Treat as a late-round review name, not someone to chase before the board says you need him.","Fair 348, no ADP; Yahoo rank 2070, delta +152. Season 0.2 ppg, Week 1 0.6, risk 0.9 (12 projected games)."
349,Mitch Tinsley,CIN,WR,6,500,false,349,151,Late Only,Bench clog risk,1.12,21.11,0,1.8,,"No reliable Yahoo ADP signal. Treat as a late-round review name, not someone to chase before the board says you need him.","Fair 349, no ADP; Yahoo rank 2120, delta +151. Season 1.2 ppg, Week 1 1.1, risk 1.8."
350,Devin Culp,TB,TE,10,500,false,350,150,Late Only,Bench clog risk,0.35,4.97,12,0.9,12 projected games,"No reliable Yahoo ADP signal. Treat as a late-round review name, not someone to chase before the board says you need him.","Fair 350, no ADP; Yahoo rank 2143, delta +150. Season 0.3 ppg, Week 1 0.3, risk 0.9 (12 projected games)."
351,Kendre Miller,NO,RB,8,292,false,351,-59,Late Only,Bench clog risk,1.42,18.59,4,1.8,4 projected games,"No reliable Yahoo ADP signal. Treat as a late-round review name, not someone to chase before the board says you need him.","Fair 351, no ADP; Yahoo rank 292, delta -59. Season 1.1 ppg, Week 1 1.4, risk 1.8 (4 projected games)."
352,Christian Kirk,SF,WR,8,330,false,352,-22,Late Only,Bench clog risk,1.63,40.48,14,2.8,Q; Calf; 14 projected games,"No reliable Yahoo ADP signal. Treat as a late-round review name, not someone to chase before the board says you need him.","Fair 352, no ADP; Yahoo rank 330, delta -22. Season 2.4 ppg, Week 1 1.6, risk 2.8 (Q; Calf; 14 projected games)."
353,Thomas Fidone II,NYG,TE,8,500,false,353,147,Late Only,Bench clog risk,1.27,18.51,0,1.8,,"No reliable Yahoo ADP signal. Treat as a late-round review name, not someone to chase before the board says you need him.","Fair 353, no ADP; Yahoo rank 2130, delta +147. Season 1.1 ppg, Week 1 1.3, risk 1.8."
354,Michael Carter,TEN,RB,9,373,false,354,19,Late Only,Bench clog risk,0.41,7.6,8,1.2,8 projected games,"No reliable Yahoo ADP signal. Treat as a late-round review name, not someone to chase before the board says you need him.","Fair 354, no ADP; Yahoo rank 373, delta +19. Season 0.4 ppg, Week 1 0.4, risk 1.2 (8 projected games)."
355,Shane Zylstra,BUF,TE,7,500,false,355,145,Late Only,Bench clog risk,0.16,1.8,12,0.9,12 projected games,"No reliable Yahoo ADP signal. Treat as a late-round review name, not someone to chase before the board says you need him.","Fair 355, no ADP; Yahoo rank 2244, delta +145. Season 0.1 ppg, Week 1 0.2, risk 0.9 (12 projected games)."
356,Raheim Sanders,CLE,RB,11,338,false,356,-18,Late Only,Bench clog risk,0.85,15.61,4,1.8,4 projected games,"No reliable Yahoo ADP signal. Treat as a late-round review name, not someone to chase before the board says you need him.","Fair 356, no ADP; Yahoo rank 338, delta -18. Season 0.9 ppg, Week 1 0.8, risk 1.8 (4 projected games)."
357,Jawhar Jordan,HOU,RB,8,340,false,357,-17,Late Only,Bench clog risk,1.04,23.14,12,2.2,Q; Hip; 12 projected games,"No reliable Yahoo ADP signal. Treat as a late-round review name, not someone to chase before the board says you need him.","Fair 357, no ADP; Yahoo rank 340, delta -17. Season 1.4 ppg, Week 1 1.0, risk 2.2 (Q; Hip; 12 projected games)."
358,Josh Cuevas,BAL,TE,13,500,false,358,142,Late Only,Bench clog risk,0.59,14.7,8,1.8,8 projected games,"No reliable Yahoo ADP signal. Treat as a late-round review name, not someone to chase before the board says you need him.","Fair 358, no ADP; Yahoo rank 2137, delta +142. Season 0.9 ppg, Week 1 0.6, risk 1.8 (8 projected games)."
359,Devin Neal,NO,RB,8,326,false,359,-33,Late Only,Bench clog risk,0.48,17.65,16,1.9,Q; Hamstring,"No reliable Yahoo ADP signal. Treat as a late-round review name, not someone to chase before the board says you need him.","Fair 359, no ADP; Yahoo rank 326, delta -33. Season 1.0 ppg, Week 1 0.5, risk 1.9 (Q; Hamstring)."
360,Chris Moore,BAL,WR,13,500,false,360,140,Late Only,Bench clog risk,0.18,2.67,8,1.2,8 projected games,"No reliable Yahoo ADP signal. Treat as a late-round review name, not someone to chase before the board says you need him.","Fair 360, no ADP; Yahoo rank 2265, delta +140. Season 0.2 ppg, Week 1 0.2, risk 1.2 (8 projected games)."
361,Roschon Johnson,CHI,RB,10,332,false,361,-29,Late Only,Bench clog risk,0.57,10.6,0,1.8,,"No reliable Yahoo ADP signal. Treat as a late-round review name, not someone to chase before the board says you need him.","Fair 361, no ADP; Yahoo rank 332, delta -29. Season 0.6 ppg, Week 1 0.6, risk 1.8."
362,Cedric Tillman,CLE,WR,11,500,false,362,138,Late Only,Bench clog risk,0.99,15.61,12,2.2,Q; Undisclosed; 12 projected games,"No reliable Yahoo ADP signal. Treat as a late-round review name, not someone to chase before the board says you need him.","Fair 362, no ADP; Yahoo rank 2071, delta +138. Season 0.9 ppg, Week 1 1.0, risk 2.2 (Q; Undisclosed; 12 projected games)."
363,Jared Wiley,KC,TE,5,500,false,363,137,Late Only,Bench clog risk,0.46,8.17,0,1.8,,"No reliable Yahoo ADP signal. Treat as a late-round review name, not someone to chase before the board says you need him.","Fair 363, no ADP; Yahoo rank 2149, delta +137. Season 0.5 ppg, Week 1 0.5, risk 1.8."
364,Audric Estime,NO,RB,8,382,false,364,18,Late Only,Bench clog risk,0.75,13.93,12,2.2,Q; Ankle; 12 projected games,"No reliable Yahoo ADP signal. Treat as a late-round review name, not someone to chase before the board says you need him.","Fair 364, no ADP; Yahoo rank 382, delta +18. Season 0.8 ppg, Week 1 0.8, risk 2.2 (Q; Ankle; 12 projected games)."
365,Davis Allen,LAR,TE,11,500,false,365,135,Late Only,Bench clog risk,0.88,12.08,12,2.2,Q; Quadriceps; 12 projected games,"No reliable Yahoo ADP signal. Treat as a late-round review name, not someone to chase before the board says you need him.","Fair 365, no ADP; Yahoo rank 2098, delta +135. Season 0.7 ppg, Week 1 0.9, risk 2.2 (Q; Quadriceps; 12 projected games)."
366,Hunter Long,JAX,TE,7,500,false,366,134,Late Only,Bench clog risk,0.32,5.8,0,1.8,,"No reliable Yahoo ADP signal. Treat as a late-round review name, not someone to chase before the board says you need him.","Fair 366, no ADP; Yahoo rank 2084, delta +134. Season 0.3 ppg, Week 1 0.3, risk 1.8."
367,Jack Velling,ATL,TE,11,500,false,367,133,Late Only,Bench clog risk,0.19,5.3,8,1.8,8 projected games,"No reliable Yahoo ADP signal. Treat as a late-round review name, not someone to chase before the board says you need him.","Fair 367, no ADP; Yahoo rank 2224, delta +133. Season 0.3 ppg, Week 1 0.2, risk 1.8 (8 projected games)."
368,Bam Knight,ARI,RB,14,500,false,368,132,Late Only,Bench clog risk,0.26,5.2,0,1.8,,"No reliable Yahoo ADP signal. Treat as a late-round review name, not someone to chase before the board says you need him.","Fair 368, no ADP; Yahoo rank 2040, delta +132. Season 0.3 ppg, Week 1 0.3, risk 1.8."
369,Phil Mafah,DAL,RB,14,290,false,369,-79,Late Only,Bench clog risk,1.08,14.56,8,2.5,Q; Chest; 8 projected games,"No reliable Yahoo ADP signal. Treat as a late-round review name, not someone to chase before the board says you need him.","Fair 369, no ADP; Yahoo rank 290, delta -79. Season 0.9 ppg, Week 1 1.1, risk 2.5 (Q; Chest; 8 projected games)."
370,Luke Musgrave,GB,TE,11,500,false,370,130,Late Only,Bench clog risk,2,31.89,16,3.5,PUP; Neck,"No reliable Yahoo ADP signal. Treat as a late-round review name, not someone to chase before the board says you need him.","Fair 370, no ADP; Yahoo rank 2114, delta +130. Season 1.9 ppg, Week 1 2.0, risk 3.5 (PUP; Neck)."
371,Elijah Moore,PHI,WR,10,500,false,371,129,Late Only,Bench clog risk,0.19,1.62,0,1.8,,"No reliable Yahoo ADP signal. Treat as a late-round review name, not someone to chase before the board says you need him.","Fair 371, no ADP; Yahoo rank 2255, delta +129. Season 0.1 ppg, Week 1 0.2, risk 1.8."
372,Jelani Woods,NYJ,TE,13,500,false,372,128,Late Only,Bench clog risk,0.13,1.13,0,1.8,,"No reliable Yahoo ADP signal. Treat as a late-round review name, not someone to chase before the board says you need him.","Fair 372, no ADP; Yahoo rank 2219, delta +128. Season 0.1 ppg, Week 1 0.1, risk 1.8."
373,Robert Tonyan,PIT,TE,9,500,false,373,127,Late Only,Bench clog risk,0.06,1.4,4,1.8,4 projected games,"No reliable Yahoo ADP signal. Treat as a late-round review name, not someone to chase before the board says you need him.","Fair 373, no ADP; Yahoo rank 2151, delta +127. Season 0.1 ppg, Week 1 0.1, risk 1.8 (4 projected games)."
374,Dallen Bentley,DEN,TE,10,500,false,374,126,Late Only,Bench clog risk,0.12,0.97,0,1.8,,"No reliable Yahoo ADP signal. Treat as a late-round review name, not someone to chase before the board says you need him.","Fair 374, no ADP; Yahoo rank 2162, delta +126. Season 0.1 ppg, Week 1 0.1, risk 1.8."
375,Nick Vannett,SEA,TE,11,500,false,375,125,Late Only,Bench clog risk,0,0,0,1.8,,"No reliable Yahoo ADP signal. Treat as a late-round review name, not someone to chase before the board says you need him.","Fair 375, no ADP; Yahoo rank 2115, delta +125. Season 0.0 ppg, Week 1 0.0, risk 1.8."
376,CJ Dippre,NE,TE,11,500,false,376,124,Late Only,Bench clog risk,0,0,0,1.8,,"No reliable Yahoo ADP signal. Treat as a late-round review name, not someone to chase before the board says you need him.","Fair 376, no ADP; Yahoo rank 2125, delta +124. Season 0.0 ppg, Week 1 0.0, risk 1.8."
377,Evan Svoboda,LAC,TE,7,500,false,377,123,Late Only,Bench clog risk,0,0,0,1.8,,"No reliable Yahoo ADP signal. Treat as a late-round review name, not someone to chase before the board says you need him.","Fair 377, no ADP; Yahoo rank 2129, delta +123. Season 0.0 ppg, Week 1 0.0, risk 1.8."
378,Chris Myarick,LV,TE,13,500,false,378,122,Late Only,Bench clog risk,0,0,0,1.8,,"No reliable Yahoo ADP signal. Treat as a late-round review name, not someone to chase before the board says you need him.","Fair 378, no ADP; Yahoo rank 2131, delta +122. Season 0.0 ppg, Week 1 0.0, risk 1.8."
379,Albert Okwuegbunam Jr.,LV,TE,13,500,false,379,121,Late Only,Bench clog risk,0,0,0,1.8,,"No reliable Yahoo ADP signal. Treat as a late-round review name, not someone to chase before the board says you need him.","Fair 379, no ADP; Yahoo rank 2132, delta +121. Season 0.0 ppg, Week 1 0.0, risk 1.8."
380,Bauer Sharp,TB,TE,10,500,false,380,120,Late Only,Bench clog risk,0,0,0,1.8,,"No reliable Yahoo ADP signal. Treat as a late-round review name, not someone to chase before the board says you need him.","Fair 380, no ADP; Yahoo rank 2133, delta +120. Season 0.0 ppg, Week 1 0.0, risk 1.8."
381,DJ Rogers,DAL,TE,14,500,false,381,119,Late Only,Bench clog risk,0,0,0,1.8,,"No reliable Yahoo ADP signal. Treat as a late-round review name, not someone to chase before the board says you need him.","Fair 381, no ADP; Yahoo rank 2136, delta +119. Season 0.0 ppg, Week 1 0.0, risk 1.8."
382,Messiah Swinson,GB,TE,11,500,false,382,118,Late Only,Bench clog risk,0,0,0,1.8,,"No reliable Yahoo ADP signal. Treat as a late-round review name, not someone to chase before the board says you need him.","Fair 382, no ADP; Yahoo rank 2138, delta +118. Season 0.0 ppg, Week 1 0.0, risk 1.8."
383,Tanner Arkin,NE,TE,11,500,false,383,117,Late Only,Bench clog risk,0,0,0,1.8,,"No reliable Yahoo ADP signal. Treat as a late-round review name, not someone to chase before the board says you need him.","Fair 383, no ADP; Yahoo rank 2139, delta +117. Season 0.0 ppg, Week 1 0.0, risk 1.8."
384,Johnny Pascuzzi,LAC,TE,7,500,false,384,116,Late Only,Bench clog risk,0,0,0,1.8,,"No reliable Yahoo ADP signal. Treat as a late-round review name, not someone to chase before the board says you need him.","Fair 384, no ADP; Yahoo rank 2140, delta +116. Season 0.0 ppg, Week 1 0.0, risk 1.8."
385,Connor Hulstein,NYJ,TE,13,500,false,385,115,Late Only,Bench clog risk,0,0,0,1.8,,"No reliable Yahoo ADP signal. Treat as a late-round review name, not someone to chase before the board says you need him.","Fair 385, no ADP; Yahoo rank 2141, delta +115. Season 0.0 ppg, Week 1 0.0, risk 1.8."
386,Treyton Welch,NO,TE,8,500,false,386,114,Late Only,Bench clog risk,0,0,0,1.8,,"No reliable Yahoo ADP signal. Treat as a late-round review name, not someone to chase before the board says you need him.","Fair 386, no ADP; Yahoo rank 2147, delta +114. Season 0.0 ppg, Week 1 0.0, risk 1.8."
387,Mitch Van Vooren,DAL,TE,14,500,false,387,113,Late Only,Bench clog risk,0,0,0,1.8,,"No reliable Yahoo ADP signal. Treat as a late-round review name, not someone to chase before the board says you need him.","Fair 387, no ADP; Yahoo rank 2148, delta +113. Season 0.0 ppg, Week 1 0.0, risk 1.8."
388,Tre Watson,KC,TE,5,500,false,388,112,Late Only,Bench clog risk,0,0,0,1.8,,"No reliable Yahoo ADP signal. Treat as a late-round review name, not someone to chase before the board says you need him.","Fair 388, no ADP; Yahoo rank 2150, delta +112. Season 0.0 ppg, Week 1 0.0, risk 1.8."
389,Patrick Gurd,LV,TE,13,500,false,389,111,Late Only,Bench clog risk,0,0,0,1.8,,"No reliable Yahoo ADP signal. Treat as a late-round review name, not someone to chase before the board says you need him.","Fair 389, no ADP; Yahoo rank 2155, delta +111. Season 0.0 ppg, Week 1 0.0, risk 1.8."
390,E.J. Jenkins,PHI,TE,10,500,false,390,110,Late Only,Bench clog risk,0,0,0,1.8,,"No reliable Yahoo ADP signal. Treat as a late-round review name, not someone to chase before the board says you need him.","Fair 390, no ADP; Yahoo rank 2156, delta +110. Season 0.0 ppg, Week 1 0.0, risk 1.8."
